Y1,Y2,Source,Path,Station,Type,logTempSc,logPressureSc,lRange,W,C2N,HOB
2.0764813,-2.767004344,HRI-1,HR-103,BRDW,1,0.055382146,-0.195776586,7.809245739,6.291143123,0.693147181,5
3.095405951,-2.659260037,HRI-1,HR-48,E1,1,0.055382146,-0.195776586,6.714481995,6.291143123,0.693147181,5
1.99040221,-2.670032134,HRI-2,HR-103,BRDW,1,0.039487772,-0.187683054,7.81270555,6.291143123,0.693147181,3
4.195180011,-2.895886939,HRI-2,HR-12,LV1,1,0.039487772,-0.187683054,5.621896188,6.291143123,0.693147181,3
3.119000982,-2.700082031,HRI-2,HR-48,E1,1,0.039487772,-0.187683054,6.69618981,6.291143123,0.693147181,3
4.13422404,-2.903153092,HRI-3,HR-12,LV1,1,0.056367206,-0.191727609,5.607912943,6.291143123,0.693147181,1.5
3.068348056,-2.79934346,HRI-3,HR-48,E1,1,0.056367206,-0.191727609,6.715645476,6.291143123,0.693147181,1.5
3.151282596,-3.267540997,HRI-4,HR-12,LV1,1,0.028411974,-0.179654502,5.613290192,6.291143123,0.693147181,-1.5
2.203938967,-2.872630076,HRI-4,HR-48,E1,1,0.028411974,-0.179654502,6.706685803,6.291143123,0.693147181,-1.5
1.982850756,-2.747310915,HRI-5,HR-103,BRDW,1,0.041821495,-0.183654792,7.817658366,6.291143123,0.693147181,0.5
4.069171875,-2.993734271,HRI-5,HR-12,LV1,1,0.041821495,-0.183654792,5.650759777,6.291143123,0.693147181,0.5
3.069378726,-2.686778066,HRI-5,HR-48,E1,1,0.041821495,-0.183654792,6.697438841,6.291143123,0.693147181,0.5
1.754919202,-2.963265083,HRI-6,HR-103,BRDW,1,0.036144405,-0.187683054,7.809528243,6.291143123,0.693147181,-0.5
3.9049927,-3.098873032,HRI-6,HR-12,LV1,1,0.036144405,-0.187683054,5.559084523,6.291143123,0.693147181,-0.5
2.750911537,-2.85163193,HRI-6,HR-48,E1,1,0.036144405,-0.187683054,6.727355623,6.291143123,0.693147181,-0.5
-0.567238851,-2.855970331,HRI-7,HR-103,BRDW,1,0.048790164,-0.187683054,7.816931151,6.291143123,0.693147181,-5
1.494026313,-2.895886939,HRI-7,HR-12,LV1,1,0.048790164,-0.187683054,5.661179169,6.291143123,0.693147181,-5
0.573392868,-2.54784645,HRI-7,HR-48,E1,1,0.048790164,-0.187683054,6.685704453,6.291143123,0.693147181,-5
3.891664486,-3.148883453,HRII-4,HR-10,S14,1,0.056695344,-0.191727609,5.623850046,6.611893174,0.693147181,-0.6
3.906760778,-3.08020143,HRII-4,HR-12,LV1,1,0.056695344,-0.191727609,5.552040648,6.611893174,0.693147181,-0.6
4.265357577,-3.087847562,HRII-4,HR-2,S6,1,0.056695344,-0.191727609,5.388283132,6.611893174,0.693147181,-0.6
4.199245555,-3.11451581,HRII-4,HR-3,S4,1,0.056695344,-0.191727609,5.422824097,6.611893174,0.693147181,-0.6
3.561672957,-2.858582435,HRII-4,HR-46,S20,1,0.056695344,-0.191727609,6.155643099,6.611893174,0.693147181,-0.6
3.395253545,-3.06080427,HRII-4,HR-47,S16,1,0.056695344,-0.191727609,6.169888527,6.611893174,0.693147181,-0.6
2.901092291,-2.87528612,HRII-4,HR-48,E1,1,0.056695344,-0.191727609,6.716595353,6.611893174,0.693147181,-0.6
2.713846342,-2.848174709,HRII-4,HR-64,S9,1,0.056695344,-0.191727609,6.889138978,6.611893174,0.693147181,-0.6
2.706931568,-2.81257773,HRII-4,HR-70,S5,1,0.056695344,-0.191727609,6.92266585,6.611893174,0.693147181,-0.6
2.67011414,-2.868218953,HRII-4,HR-75,S15,1,0.056695344,-0.191727609,6.937084339,6.611893174,0.693147181,-0.6
4.277425678,-2.933696883,HRII-4,HR-9,S18,1,0.056695344,-0.191727609,5.593735435,6.611893174,0.693147181,-0.6
2.501219525,-2.673648774,HRII-4,HR-94,S7,1,0.056695344,-0.191727609,7.109000753,6.611893174,0.693147181,-0.6
2.282245674,-2.7188584,HRII-4,HR-96,S11,1,0.056695344,-0.191727609,7.300745845,6.611893174,0.693147181,-0.6
3.617579214,-3.212645275,HRII-6,HR-10,S14,1,0.044814016,-0.187683054,5.535807797,6.291143123,0.693147181,-1
1.384561862,-2.635264531,HRII-6,HR-100,W5,1,0.044814016,-0.187683054,7.575173466,6.291143123,0.693147181,-1
0.638242975,-2.389778305,HRII-6,HR-105,S2,1,0.044814016,-0.187683054,8.005769889,6.291143123,0.693147181,-1
0.880444851,-2.782235099,HRII-6,HR-106,S3,1,0.044814016,-0.187683054,8.006576867,6.291143123,0.693147181,-1
0.627091661,-2.311121424,HRII-6,HR-107,W1,1,0.044814016,-0.187683054,8.242714766,6.291143123,0.693147181,-1
0.194232323,-2.619352746,HRII-6,HR-111,E3,1,0.044814016,-0.187683054,8.370130035,6.291143123,0.693147181,-1
-0.183518636,-2.300088213,HRII-6,HR-112,W2,1,0.044814016,-0.187683054,8.718821034,6.291143123,0.693147181,-1
0.046466001,-2.746531188,HRII-6,HR-113,E4,1,0.044814016,-0.187683054,8.735093776,6.291143123,0.693147181,-1
3.554581628,-3.173663482,HRII-6,HR-12,LV1,1,0.044814016,-0.187683054,5.623363355,6.291143123,0.693147181,-1
3.677971557,-3.249335032,HRII-6,HR-2,S6,1,0.044814016,-0.187683054,5.458954084,6.291143123,0.693147181,-1
3.551521238,-3.230189585,HRII-6,HR-2,S6,1,0.044814016,-0.187683054,5.458954084,6.291143123,0.693147181,-1
3.57812751,-3.17725415,HRII-6,HR-3,S4,1,0.044814016,-0.187683054,5.517330172,6.291143123,0.693147181,-1
3.607394006,-3.141914784,HRII-6,HR-3,S4,1,0.044814016,-0.187683054,5.517330172,6.291143123,0.693147181,-1
2.922947005,-3.012878432,HRII-6,HR-46,S20,1,0.044814016,-0.187683054,6.202981195,6.291143123,0.693147181,-1
3.142225113,-2.820099705,HRII-6,HR-47,S16,1,0.044814016,-0.187683054,6.201194383,6.291143123,0.693147181,-1
2.446769132,-2.948848688,HRII-6,HR-48,E1,1,0.044814016,-0.187683054,6.683162966,6.291143123,0.693147181,-1
2.073108632,-2.990744732,HRII-6,HR-69,S17,1,0.044814016,-0.187683054,6.902892256,6.291143123,0.693147181,-1
2.180062009,-2.839583591,HRII-6,HR-70,S5,1,0.044814016,-0.187683054,6.906406536,6.291143123,0.693147181,-1
1.806379328,-2.940297567,HRII-6,HR-72,ST5,1,0.044814016,-0.187683054,6.908915837,6.291143123,0.693147181,-1
2.236668742,-2.967144817,HRII-6,HR-75,S15,1,0.044814016,-0.187683054,6.914407843,6.291143123,0.693147181,-1
2.084501866,-2.895886939,HRII-6,HR-86,W4,1,0.044814016,-0.187683054,6.943515472,6.291143123,0.693147181,-1
4.024898106,-3.004773018,HRII-6,HR-9,S18,1,0.044814016,-0.187683054,5.526134946,6.291143123,0.693147181,-1
1.949973463,-2.752786095,HRII-6,HR-94,S7,1,0.044814016,-0.187683054,7.131276905,6.291143123,0.693147181,-1
1.946172557,-2.81257773,HRII-6,HR-97,S12,1,0.044814016,-0.187683054,7.308878422,6.291143123,0.693147181,-1
1.659302633,-2.860327637,HRII-6,HR-98,S19,1,0.044814016,-0.187683054,7.312714067,6.291143123,0.693147181,-1
3.255066097,-3.31869616,HRIII-1,HR-1,BOXA,1,0.031444833,-0.195884623,5.356410081,4.50777784,0.693147181,2
1.118758085,-3.279422325,HRIII-1,HR-101,1W5,1,0.031444833,-0.195884623,7.579728538,4.50777784,0.693147181,2
1.123719065,-3.335409641,HRIII-1,HR-101,1W5,1,0.031444833,-0.195884623,7.579728538,4.50777784,0.693147181,2
1.230116871,-3.225145438,HRIII-1,HR-101,1W5,1,0.031444833,-0.195884623,7.579728538,4.50777784,0.693147181,2
0.503873598,-2.481711759,HRIII-1,HR-102,1E2,1,0.031444833,-0.195884623,7.790223232,4.50777784,0.693147181,2
0.907480619,-2.599644327,HRIII-1,HR-102,1E2,1,0.031444833,-0.195884623,7.790223232,4.50777784,0.693147181,2
0.382651657,-3.162968193,HRIII-1,HR-108,1W1,1,0.031444833,-0.195884623,8.246912454,4.50777784,0.693147181,2
0.774316506,-3.176055828,HRIII-1,HR-108,1W1,1,0.031444833,-0.195884623,8.246912454,4.50777784,0.693147181,2
3.237832544,-3.327017983,HRIII-1,HR-13,C3H105,1,0.031444833,-0.195884623,5.573787698,4.50777784,0.693147181,2
3.149415207,-3.299543728,HRIII-1,HR-14,C3H106,1,0.031444833,-0.195884623,5.584736815,4.50777784,0.693147181,2
3.268550461,-3.35383681,HRIII-1,HR-15,C3H104,1,0.031444833,-0.195884623,5.592061626,4.50777784,0.693147181,2
3.395429207,-3.488390593,HRIII-1,HR-16,C3H103,1,0.031444833,-0.195884623,5.602230438,4.50777784,0.693147181,2
3.23324161,-3.346709196,HRIII-1,HR-17,C3H107,1,0.031444833,-0.195884623,5.609030504,4.50777784,0.693147181,2
3.367319091,-3.481865285,HRIII-1,HR-19,C3H102,1,0.031444833,-0.195884623,5.63427377,4.50777784,0.693147181,2
3.228719273,-3.509896799,HRIII-1,HR-20,C3H101,1,0.031444833,-0.195884623,5.649630362,4.50777784,0.693147181,2
3.073519947,-3.230189585,HRIII-1,HR-21,C3H108,1,0.031444833,-0.195884623,5.667043594,4.50777784,0.693147181,2
3.019389657,-3.292791508,HRIII-1,HR-24,C3H109,1,0.031444833,-0.195884623,5.697486639,4.50777784,0.693147181,2
3.225139989,-3.462541012,HRIII-1,HR-26,C3H118,1,0.031444833,-0.195884623,5.71368169,4.50777784,0.693147181,2
3.222267919,-3.45618169,HRIII-1,HR-28,C3H117,1,0.031444833,-0.195884623,5.74755386,4.50777784,0.693147181,2
3.051759596,-3.263611719,HRIII-1,HR-29,C3H110,1,0.031444833,-0.195884623,5.750386503,4.50777784,0.693147181,2
3.001620013,-3.476999095,HRIII-1,HR-30,C3H116,1,0.031444833,-0.195884623,5.7535225,4.50777784,0.693147181,2
3.064935777,-3.307707039,HRIII-1,HR-32,C3H111,1,0.031444833,-0.195884623,5.782691456,4.50777784,0.693147181,2
2.979160224,-3.379925246,HRIII-1,HR-34,C3H113,1,0.031444833,-0.195884623,5.811246816,4.50777784,0.693147181,2
3.150486712,-3.391742223,HRIII-1,HR-35,C3H115,1,0.031444833,-0.195884623,5.814278257,4.50777784,0.693147181,2
3.322753045,-3.290103334,HRIII-1,HR-36,C3H112,1,0.031444833,-0.195884623,5.818551211,4.50777784,0.693147181,2
2.98288781,-3.406712562,HRIII-1,HR-37,C3H114,1,0.031444833,-0.195884623,5.827155793,4.50777784,0.693147181,2
1.807322333,-3.026191481,HRIII-1,HR-49,E1B,1,0.031444833,-0.195884623,6.683206987,4.50777784,0.693147181,2
1.794683058,-3.024131748,HRIII-1,HR-49,E1A,1,0.031444833,-0.195884623,6.684777776,4.50777784,0.693147181,2
1.775156481,-2.993734271,HRIII-1,HR-50,1E1,1,0.031444833,-0.195884623,6.694253941,4.50777784,0.693147181,2
2.174683508,-2.981829368,HRIII-1,HR-50,1E1,1,0.031444833,-0.195884623,6.694253941,4.50777784,0.693147181,2
2.179481041,-3.004773018,HRIII-1,HR-56,NC05,1,0.031444833,-0.195884623,6.863211449,4.50777784,0.693147181,2
2.113382396,-3.124702655,HRIII-1,HR-58,NC04,1,0.031444833,-0.195884623,6.864988895,4.50777784,0.693147181,2
2.205790931,-3.223888367,HRIII-1,HR-60,NC03,1,0.031444833,-0.195884623,6.874870024,4.50777784,0.693147181,2
1.864290958,-3.074775481,HRIII-1,HR-61,NC06,1,0.031444833,-0.195884623,6.875453244,4.50777784,0.693147181,2
1.802637967,-3.028255465,HRIII-1,HR-62,NC07,1,0.031444833,-0.195884623,6.879115362,4.50777784,0.693147181,2
2.122245706,-3.409733713,HRIII-1,HR-63,NC02,1,0.031444833,-0.195884623,6.881685641,4.50777784,0.693147181,2
2.419441326,-3.368246282,HRIII-1,HR-65,NC01,1,0.031444833,-0.195884623,6.891074604,4.50777784,0.693147181,2
1.778975717,-2.914152287,HRIII-1,HR-67,NC08,1,0.031444833,-0.195884623,6.896255929,4.50777784,0.693147181,2
3.126117698,-3.343872315,HRIII-1,HR-7,C16,1,0.031444833,-0.195884623,5.48226124,4.50777784,0.693147181,2
1.921702908,-2.863827203,HRIII-1,HR-71,NC09,1,0.031444833,-0.195884623,6.907909117,4.50777784,0.693147181,2
1.516160497,-2.88598141,HRIII-1,HR-72,ST5,1,0.031444833,-0.195884623,6.918845902,4.50777784,0.693147181,2
2.244415265,-3.302257434,HRIII-1,HR-73,NC18,1,0.031444833,-0.195884623,6.908996137,4.50777784,0.693147181,2
1.974116551,-3.257097038,HRIII-1,HR-74,NC14,1,0.031444833,-0.195884623,6.913683514,4.50777784,0.693147181,2
2.156049439,-3.311813821,HRIII-1,HR-77,NC17,1,0.031444833,-0.195884623,6.918405064,4.50777784,0.693147181,2
1.888040132,-2.87528612,HRIII-1,HR-78,NC10,1,0.031444833,-0.195884623,6.920131511,4.50777784,0.693147181,2
2.080149264,-3.343872315,HRIII-1,HR-80,NC16,1,0.031444833,-0.195884623,6.928108229,4.50777784,0.693147181,2
1.875334896,-2.955550484,HRIII-1,HR-81,NC11,1,0.031444833,-0.195884623,6.929341226,4.50777784,0.693147181,2
1.991494198,-3.065082352,HRIII-1,HR-82,NC12,1,0.031444833,-0.195884623,6.939671756,4.50777784,0.693147181,2
1.950985564,-3.363901597,HRIII-1,HR-83,NC15,1,0.031444833,-0.195884623,6.939964033,4.50777784,0.693147181,2
1.861511915,-3.188104166,HRIII-1,HR-87,NC13,1,0.031444833,-0.195884623,6.944703172,4.50777784,0.693147181,2
1.696632626,-3.254503003,HRIII-1,HR-89,1W4,1,0.031444833,-0.195884623,6.953078795,4.50777784,0.693147181,2
1.74672804,-3.33120501,HRIII-1,HR-89,1W4,1,0.031444833,-0.195884623,6.953078795,4.50777784,0.693147181,2
1.895665997,-3.286084575,HRIII-1,HR-89,1W4,1,0.031444833,-0.195884623,6.953078795,4.50777784,0.693147181,2
-1.749768914,-2.781427671,HRIII-2,HR-13,C3H205,1,0.028074422,-0.194684863,5.578162557,4.50777784,0.693147181,-7
-1.802799287,-2.855101144,HRIII-2,HR-14,C3H206,1,0.028074422,-0.194684863,5.613728992,4.50777784,0.693147181,-7
-1.808989409,-2.54656931,HRIII-2,HR-15,C3H204,1,0.028074422,-0.194684863,5.604108405,4.50777784,0.693147181,-7
-1.987044125,-2.874399988,HRIII-2,HR-17,C3H207,1,0.028074422,-0.194684863,5.603886625,4.50777784,0.693147181,-7
0.604767504,-2.697852376,HRIII-3,HR-104,E3,2,0.013450798,-0.195524544,7.82155779,4.50777784,0.693147181,2
0.073008984,-2.647896278,HRIII-3,HR-109,NE1,2,0.013450798,-0.195524544,8.329244046,4.50777784,0.693147181,2
3.469135741,-3.321462414,HRIII-3,HR-11,G3H313,2,0.013450798,-0.195524544,5.548870968,4.50777784,0.693147181,2
-0.254269043,-2.605042451,HRIII-3,HR-110,2E2,2,0.013450798,-0.195524544,8.339634762,4.50777784,0.693147181,2
0.211289933,-2.61319467,HRIII-3,HR-110,2E2,2,0.013450798,-0.195524544,8.339634762,4.50777784,0.693147181,2
3.221270994,-3.394718416,HRIII-3,HR-18,G3H312,2,0.013450798,-0.195524544,5.614185137,4.50777784,0.693147181,2
3.22937602,-3.394718416,HRIII-3,HR-22,G3H311,2,0.013450798,-0.195524544,5.694346573,4.50777784,0.693147181,2
3.181746457,-3.349554149,HRIII-3,HR-23,G3H318,2,0.013450798,-0.195524544,5.694591634,4.50777784,0.693147181,2
3.185218537,-3.374068714,HRIII-3,HR-25,G3H301,2,0.013450798,-0.195524544,5.700332611,4.50777784,0.693147181,2
3.355184434,-3.350979666,HRIII-3,HR-27,G3H302,2,0.013450798,-0.195524544,5.74253439,4.50777784,0.693147181,2
3.283396416,-3.365347729,HRIII-3,HR-31,G3H310,2,0.013450798,-0.195524544,5.76756343,4.50777784,0.693147181,2
3.211860982,-3.350979666,HRIII-3,HR-33,G3H303,2,0.013450798,-0.195524544,5.798741493,4.50777784,0.693147181,2
3.004694057,-3.352407217,HRIII-3,HR-38,G3H309,2,0.013450798,-0.195524544,5.833089925,4.50777784,0.693147181,2
2.814614532,-3.352407217,HRIII-3,HR-39,E4A,2,0.013450798,-0.195524544,5.845978275,4.50777784,0.693147181,2
2.822957845,-3.346709196,HRIII-3,HR-39,E4B,2,0.013450798,-0.195524544,5.845978275,4.50777784,0.693147181,2
3.356586491,-3.366795955,HRIII-3,HR-4,G3H315,2,0.013450798,-0.195524544,5.449293939,4.50777784,0.693147181,2
2.771134709,-3.324236341,HRIII-3,HR-40,1E4,2,0.013450798,-0.195524544,5.854933755,4.50777784,0.693147181,2
3.008060427,-3.335409641,HRIII-3,HR-40,1E4,2,0.013450798,-0.195524544,5.854933755,4.50777784,0.693147181,2
3.011703513,-3.37115326,HRIII-3,HR-41,G3H308,2,0.013450798,-0.195524544,5.859860616,4.50777784,0.693147181,2
3.090063984,-3.35526845,HRIII-3,HR-42,G3H304,2,0.013450798,-0.195524544,5.87268582,4.50777784,0.693147181,2
3.086630737,-3.379925246,HRIII-3,HR-43,G3H307,2,0.013450798,-0.195524544,5.890486967,4.50777784,0.693147181,2
2.797817692,-3.356702142,HRIII-3,HR-44,G3H305,2,0.013450798,-0.195524544,5.905245189,4.50777784,0.693147181,2
3.058051123,-3.33120501,HRIII-3,HR-45,G3H306,2,0.013450798,-0.195524544,5.90942356,4.50777784,0.693147181,2
3.520063978,-3.388774862,HRIII-3,HR-5,G3H316,2,0.013450798,-0.195524544,5.46851786,4.50777784,0.693147181,2
1.906857049,-3.103317484,HRIII-3,HR-51,NG15,2,0.013450798,-0.195524544,6.833331973,4.50777784,0.693147181,2
1.857957619,-3.052302625,HRIII-3,HR-52,NG16,2,0.013450798,-0.195524544,6.836277431,4.50777784,0.693147181,2
1.89706692,-3.075858318,HRIII-3,HR-53,NG14,2,0.013450798,-0.195524544,6.837717661,4.50777784,0.693147181,2
1.912346743,-3.116770602,HRIII-3,HR-54,NG13,2,0.013450798,-0.195524544,6.847059389,4.50777784,0.693147181,2
2.026867162,-3.138448576,HRIII-3,HR-55,NG17,2,0.013450798,-0.195524544,6.85228386,4.50777784,0.693147181,2
1.927775446,-3.084563487,HRIII-3,HR-57,NG12,2,0.013450798,-0.195524544,6.864969947,4.50777784,0.693147181,2
2.086445113,-3.103317484,HRIII-3,HR-59,NG18,2,0.013450798,-0.195524544,6.870694732,4.50777784,0.693147181,2
3.334302487,-3.32007833,HRIII-3,HR-6,G3H314,2,0.013450798,-0.195524544,5.474034687,4.50777784,0.693147181,2
2.06928672,-3.174858939,HRIII-3,HR-66,NG11,2,0.013450798,-0.195524544,6.891768971,4.50777784,0.693147181,2
2.143444709,-3.171276846,HRIII-3,HR-68,NG01,2,0.013450798,-0.195524544,6.901532899,4.50777784,0.693147181,2
2.068976254,-3.186892779,HRIII-3,HR-76,NG02,2,0.013450798,-0.195524544,6.915765756,4.50777784,0.693147181,2
1.949635948,-3.186892779,HRIII-3,HR-79,NG10,2,0.013450798,-0.195524544,6.922597411,4.50777784,0.693147181,2
2.033375737,-3.129263666,HRIII-3,HR-84,NG03,2,0.013450798,-0.195524544,6.940241586,4.50777784,0.693147181,2
1.935534587,-3.074775481,HRIII-3,HR-85,NG09,2,0.013450798,-0.195524544,6.941903782,4.50777784,0.693147181,2
1.960676723,-3.221378955,HRIII-3,HR-88,NG04,2,0.013450798,-0.195524544,6.952081877,4.50777784,0.693147181,2
1.98399225,-3.124702655,HRIII-3,HR-90,NG08,2,0.013450798,-0.195524544,6.955893153,4.50777784,0.693147181,2
1.942502334,-3.190531352,HRIII-3,HR-91,NG05,2,0.013450798,-0.195524544,6.965174495,4.50777784,0.693147181,2
2.017761937,-3.232721232,HRIII-3,HR-92,NG07,2,0.013450798,-0.195524544,6.965627323,4.50777784,0.693147181,2
1.929854813,-3.176055828,HRIII-3,HR-93,NG06,2,0.013450798,-0.195524544,6.966776588,4.50777784,0.693147181,2
0.725553247,-3.725543438,HRIII-3,HR-95,ST4,2,0.013450798,-0.195524544,7.121048551,4.50777784,0.693147181,2
1.221258171,-3.183267397,HRIII-3,HR-99,1FACT,2,0.013450798,-0.195524544,7.357751867,4.50777784,0.693147181,2
1.257960598,-3.148883453,HRIII-3,HR-99,1FACT,2,0.013450798,-0.195524544,7.357751867,4.50777784,0.693147181,2
-1.102846892,-2.5452938,HRIII-4,HR-11,G3H413,2,-0.002085506,-0.188588377,5.548870968,4.50777784,0.693147181,-7
-1.238071001,-2.664990712,HRIII-4,HR-18,G3H412,2,-0.002085506,-0.188588377,5.614185137,4.50777784,0.693147181,-7
-0.806358719,-2.494956986,HRIII-4,HR-22,G3H411,2,-0.002085506,-0.188588377,5.69731127,4.50777784,0.693147181,-7
-1.128729056,-2.562651998,HRIII-4,HR-31,G3H410,2,-0.002085506,-0.188588377,5.771646224,4.50777784,0.693147181,-7
-1.400551485,-2.615243152,HRIII-4,HR-38,G3H409,2,-0.002085506,-0.188588377,5.829993545,4.50777784,0.693147181,-7
-0.89385329,-2.697852376,HRIII-4,HR-4,G3H415,2,-0.002085506,-0.188588377,5.447726168,4.50777784,0.693147181,-7
-1.537305375,-2.689719244,HRIII-4,HR-41,G3H408,2,-0.002085506,-0.188588377,5.861388722,4.50777784,0.693147181,-7
-1.723456617,-2.953631098,HRIII-4,HR-43,G3H407,2,-0.002085506,-0.188588377,5.894564586,4.50777784,0.693147181,-7
-2.214505257,-2.676551534,HRIII-4,HR-53,NG14,2,-0.002085506,-0.188588377,6.837717661,4.50777784,0.693147181,-7
-2.123839436,-2.863827203,HRIII-4,HR-59,NG18,2,-0.002085506,-0.188588377,6.870694732,4.50777784,0.693147181,-7
-1.270348999,-2.789531443,HRIII-4,HR-6,G3H414,2,-0.002085506,-0.188588377,5.475478902,4.50777784,0.693147181,-7
-2.181591588,-2.413516654,HRIII-4,HR-66,NG11,2,-0.002085506,-0.188588377,6.891768971,4.50777784,0.693147181,-7
-2.263713875,-2.805111914,HRIII-4,HR-68,NG01,2,-0.002085506,-0.188588377,6.901532899,4.50777784,0.693147181,-7
-1.114011748,-2.921552875,HRIII-4,HR-8,G3H417,2,-0.002085506,-0.188588377,5.522559653,4.50777784,0.693147181,-7
5.594148668,-2.061994628,HRR-5,HRR-1,OS03,2,0.055710607,-0.164916542,6.649671298,10.72070772,0.693147181,0.5
3.416496183,-1.088414464,HRR-5,HRR-10,1S06,2,0.055710607,-0.164916542,9.227636514,10.72070772,0.693147181,0.5
3.264794573,-1.258253011,HRR-5,HRR-10,1S06,2,0.055710607,-0.164916542,9.227636514,10.72070772,0.693147181,0.5
3.62536034,-1.198487874,HRR-5,HRR-10,1S06,2,0.055710607,-0.164916542,9.227636514,10.72070772,0.693147181,0.5
3.064199568,-1.070608092,HRR-5,HRR-11,RD15,2,0.055710607,-0.164916542,9.328235263,10.72070772,0.693147181,0.5
3.134264384,-1.090644119,HRR-5,HRR-12,1S05,2,0.055710607,-0.164916542,9.328923731,10.72070772,0.693147181,0.5
3.022135027,-1.257901146,HRR-5,HRR-12,1S05,2,0.055710607,-0.164916542,9.328923731,10.72070772,0.693147181,0.5
2.906138479,-1.023736754,HRR-5,HRR-13,S03,2,0.055710607,-0.164916542,9.342945998,10.72070772,0.693147181,0.5
3.14454253,-1.037046933,HRR-5,HRR-13,S03,2,0.055710607,-0.164916542,9.342945998,10.72070772,0.693147181,0.5
2.851002428,-0.802292628,HRR-5,HRR-14,S02,2,0.055710607,-0.164916542,9.389219034,10.72070772,0.693147181,0.5
2.951001477,-0.922308804,HRR-5,HRR-15,1S04,2,0.055710607,-0.164916542,9.483224717,10.72070772,0.693147181,0.5
2.643828535,-0.896855819,HRR-5,HRR-16,RD14,2,0.055710607,-0.164916542,9.490078399,10.72070772,0.693147181,0.5
2.253190988,-0.646168179,HRR-5,HRR-17,S01,2,0.055710607,-0.164916542,9.501792263,10.72070772,0.693147181,0.5
2.629971928,-0.591674212,HRR-5,HRR-17,S01,2,0.055710607,-0.164916542,9.501792263,10.72070772,0.693147181,0.5
2.423826664,-0.958415658,HRR-5,HRR-18,RD13,2,0.055710607,-0.164916542,9.611404057,10.72070772,0.693147181,0.5
2.577868293,-0.751094141,HRR-5,HRR-19,BW,2,0.055710607,-0.164916542,9.65028648,10.72070772,0.693147181,0.5
5.547558041,-1.638351923,HRR-5,HRR-2,OS05,2,0.055710607,-0.164916542,7.054205591,10.72070772,0.693147181,0.5
2.570605199,-0.845366394,HRR-5,HRR-20,S07,2,0.055710607,-0.164916542,9.664020749,10.72070772,0.693147181,0.5
2.294297924,-0.865716446,HRR-5,HRR-21,RD12,2,0.055710607,-0.164916542,9.725146435,10.72070772,0.693147181,0.5
2.55612912,-0.851556917,HRR-5,HRR-22,MDR,2,0.055710607,-0.164916542,9.734195879,10.72070772,0.693147181,0.5
2.075042766,-0.788667382,HRR-5,HRR-23,RD11,2,0.055710607,-0.164916542,9.830343247,10.72070772,0.693147181,0.5
1.971617898,-0.687761708,HRR-5,HRR-24,RD10,2,0.055710607,-0.164916542,9.925737042,10.72070772,0.693147181,0.5
2.628668555,-0.850737101,HRR-5,HRR-25,ZUM,2,0.055710607,-0.164916542,9.955353047,10.72070772,0.693147181,0.5
1.840169652,-0.753003348,HRR-5,HRR-26,RD09,2,0.055710607,-0.164916542,10.0155586,10.72070772,0.693147181,0.5
2.248729263,-0.760676837,HRR-5,HRR-27,NIS05,2,0.055710607,-0.164916542,10.02090436,10.72070772,0.693147181,0.5
2.088851013,-0.847814661,HRR-5,HRR-28,NIS04,2,0.055710607,-0.164916542,10.02358841,10.72070772,0.693147181,0.5
2.035418145,-0.802181102,HRR-5,HRR-29,NIS03,2,0.055710607,-0.164916542,10.03055044,10.72070772,0.693147181,0.5
6.002338785,-1.524637311,HRR-5,HRR-3,S10,2,0.055710607,-0.164916542,7.089668505,10.72070772,0.693147181,0.5
1.535842561,-0.743914298,HRR-5,HRR-30,RD20,2,0.055710607,-0.164916542,10.03175277,10.72070772,0.693147181,0.5
2.218848879,-0.721958262,HRR-5,HRR-31,NIS06,2,0.055710607,-0.164916542,10.03379557,10.72070772,0.693147181,0.5
2.166670992,-0.775985459,HRR-5,HRR-32,NIS02,2,0.055710607,-0.164916542,10.05464325,10.72070772,0.693147181,0.5
0.992483428,-0.604129484,HRR-5,HRR-33,RD23,2,0.055710607,-0.164916542,10.07229371,10.72070772,0.693147181,0.5
1.981844848,-0.771108722,HRR-5,HRR-34,NIS01,2,0.055710607,-0.164916542,10.07736638,10.72070772,0.693147181,0.5
1.519756701,-0.636010989,HRR-5,HRR-35,RD21,2,0.055710607,-0.164916542,10.09039597,10.72070772,0.693147181,0.5
1.952897516,-0.816558525,HRR-5,HRR-36,NIS14,2,0.055710607,-0.164916542,10.09384132,10.72070772,0.693147181,0.5
1.982062407,-0.670114481,HRR-5,HRR-37,NIS10,2,0.055710607,-0.164916542,10.11237242,10.72070772,0.693147181,0.5
1.625516687,-0.638280279,HRR-5,HRR-38,RD16,2,0.055710607,-0.164916542,10.11309276,10.72070772,0.693147181,0.5
2.091798204,-0.709378194,HRR-5,HRR-39,NIS11,2,0.055710607,-0.164916542,10.12003403,10.72070772,0.693147181,0.5
5.202740389,-1.531088946,HRR-5,HRR-4,SHTRF,2,0.055710607,-0.164916542,7.351804898,10.72070772,0.693147181,0.5
1.51017809,-0.707753333,HRR-5,HRR-40,RD17,2,0.055710607,-0.164916542,10.14743258,10.72070772,0.693147181,0.5
1.237575625,-0.446755963,HRR-5,HRR-41,RD25,2,0.055710607,-0.164916542,10.15349629,10.72070772,0.693147181,0.5
1.365638442,-0.684782264,HRR-5,HRR-42,RD18,2,0.055710607,-0.164916542,10.16527665,10.72070772,0.693147181,0.5
2.025190646,-0.583844446,HRR-5,HRR-43,CTS04A,2,0.055710607,-0.164916542,10.18571628,10.72070772,0.693147181,0.5
1.380176213,-0.694147681,HRR-5,HRR-44,RD19,2,0.055710607,-0.164916542,10.2079901,10.72070772,0.693147181,0.5
1.219158382,-0.647313764,HRR-5,HRR-45,RD02,2,0.055710607,-0.164916542,10.24239795,10.72070772,0.693147181,0.5
1.146557499,-0.434868172,HRR-5,HRR-46,RD03,2,0.055710607,-0.164916542,10.30714219,10.72070772,0.693147181,0.5
0.832050102,-0.673148494,HRR-5,HRR-47,RD04,2,0.055710607,-0.164916542,10.36807001,10.72070772,0.693147181,0.5
4.133270747,-1.506430162,HRR-5,HRR-5,1S12,2,0.055710607,-0.164916542,8.107839878,10.72070772,0.693147181,0.5
4.641243584,-1.279954325,HRR-5,HRR-5,1S12,2,0.055710607,-0.164916542,8.107839878,10.72070772,0.693147181,0.5
3.982154679,-1.609437912,HRR-5,HRR-6,S14A,2,0.055710607,-0.164916542,8.494953735,10.72070772,0.693147181,0.5
4.026571267,-1.579636421,HRR-5,HRR-6,S14B,2,0.055710607,-0.164916542,8.494953735,10.72070772,0.693147181,0.5
3.670702118,-1.375156617,HRR-5,HRR-7,1S09,2,0.055710607,-0.164916542,8.654919826,10.72070772,0.693147181,0.5
4.262463079,-1.1858055,HRR-5,HRR-7,1S09,2,0.055710607,-0.164916542,8.654919826,10.72070772,0.693147181,0.5
3.22060853,-1.135224407,HRR-5,HRR-8,1S08,2,0.055710607,-0.164916542,8.903195728,10.72070772,0.693147181,0.5
3.829785146,-0.99452258,HRR-5,HRR-8,1S08,2,0.055710607,-0.164916542,8.903195728,10.72070772,0.693147181,0.5
3.266557139,-1.347843175,HRR-5,HRR-9,NW70,2,0.055710607,-0.164916542,9.076938607,10.72070772,0.693147181,0.5
4.434867392,-3.200299439,HTA-1,HTA-1,HT.L3,1,-0.041364676,-0.215279171,5.101969113,5.342429941,0.693147181,4.8
4.502124205,-3.157365394,HTA-1,HTA-1,HT.L3,1,-0.041364676,-0.215279171,5.101969113,5.342429941,0.693147181,4.8
1.539551803,-2.385423371,HTA-1,HTA-10,HT.N,1,-0.041364676,-0.215279171,7.402091448,5.342429941,0.693147181,4.8
0.992821955,-2.276917346,HTA-1,HTA-11,HT.S,1,-0.041364676,-0.215279171,7.790302995,5.342429941,0.693147181,4.8
1.179340673,-2.453989547,HTA-1,HTA-12,HT.W3,1,-0.041364676,-0.215279171,7.836707342,5.342429941,0.693147181,4.8
1.361080982,-2.251891979,HTA-1,HTA-13,2HT.N,1,-0.041364676,-0.215279171,7.861918037,5.342429941,0.693147181,4.8
3.94125968,-3.068302966,HTA-1,HTA-2,HT.L4,1,-0.041364676,-0.215279171,5.575734105,5.342429941,0.693147181,4.8
3.383813991,-2.771789042,HTA-1,HTA-4,HT.U,1,-0.041364676,-0.215279171,6.277658378,5.342429941,0.693147181,4.8
3.110521335,-2.915074371,HTA-1,HTA-6,2HT.U,1,-0.041364676,-0.215279171,6.340865683,5.342429941,0.693147181,4.8
2.86734847,-2.929944533,HTA-1,HTA-7,HT.L6,1,-0.041364676,-0.215279171,6.633528863,5.342429941,0.693147181,4.8
3.093673312,-2.899513416,HTA-1,HTA-7,HT.L6,1,-0.041364676,-0.215279171,6.633528863,5.342429941,0.693147181,4.8
2.566468439,-2.922481812,HTA-1,HTA-8,HT.L7,1,-0.041364676,-0.215279171,6.910260319,5.342429941,0.693147181,4.8
2.825105837,-2.818423259,HTA-1,HTA-8,HT.L7,1,-0.041364676,-0.215279171,6.910260319,5.342429941,0.693147181,4.8
2.420825234,-2.711305494,HTA-1,HTA-9,HT.L8,1,-0.041364676,-0.215279171,7.130399749,5.342429941,0.693147181,4.8
4.360834542,-3.055482278,HTA-2,HTA-1,1HT.L3,1,-0.044155089,-0.214055929,5.101969113,5.342429941,0.693147181,2.6
4.395669676,-3.043949178,HTA-2,HTA-1,1HT.L3,1,-0.044155089,-0.214055929,5.101969113,5.342429941,0.693147181,2.6
1.509819196,-2.378926326,HTA-2,HTA-10,HT.NE1,1,-0.044155089,-0.214055929,7.402091448,5.342429941,0.693147181,2.6
0.903126941,-2.288682188,HTA-2,HTA-11,HT.SE2,1,-0.044155089,-0.214055929,7.790302995,5.342429941,0.693147181,2.6
1.146291835,-2.319731252,HTA-2,HTA-12,1HT.W3,1,-0.044155089,-0.214055929,7.836707342,5.342429941,0.693147181,2.6
1.298076686,-2.175952442,HTA-2,HTA-13,HT.NE2,1,-0.044155089,-0.214055929,7.861918037,5.342429941,0.693147181,2.6
3.83564853,-3.012878432,HTA-2,HTA-2,1HT.L4,1,-0.044155089,-0.214055929,5.575734105,5.342429941,0.693147181,2.6
3.276419403,-2.737221578,HTA-2,HTA-4,HT.UC3,1,-0.044155089,-0.214055929,6.277658378,5.342429941,0.693147181,2.6
3.051979165,-2.739540868,HTA-2,HTA-6,HT.UC4,1,-0.044155089,-0.214055929,6.340865683,5.342429941,0.693147181,2.6
2.754211428,-2.67800608,HTA-2,HTA-7,1HT.L6,1,-0.044155089,-0.214055929,6.633528863,5.342429941,0.693147181,2.6
2.914411161,-2.661405193,HTA-2,HTA-7,1HT.L6,1,-0.044155089,-0.214055929,6.633528863,5.342429941,0.693147181,2.6
2.55966108,-2.650725134,HTA-2,HTA-8,1HT.L7,1,-0.044155089,-0.214055929,6.910260319,5.342429941,0.693147181,2.6
2.648033675,-2.6234793,HTA-2,HTA-8,1HT.L7,1,-0.044155089,-0.214055929,6.910260319,5.342429941,0.693147181,2.6
2.273822992,-2.528858537,HTA-2,HTA-9,1HT.L8,1,-0.044155089,-0.214055929,7.130399749,5.342429941,0.693147181,2.6
4.21067872,-3.153556359,HTA-3,HTA-1,HT.L3,1,-0.051037479,-0.220187156,5.116182514,5.342429941,0.693147181,0.6
4.094282966,-3.013774475,HTA-3,HTA-1,HT.L3,1,-0.051037479,-0.220187156,5.116182514,5.342429941,0.693147181,0.6
1.491816036,-2.78304318,HTA-3,HTA-10,HT.NE1,1,-0.051037479,-0.220187156,7.404003015,5.342429941,0.693147181,0.6
0.304386418,-2.292139835,HTA-3,HTA-11,HT.SE2,1,-0.051037479,-0.220187156,7.789927709,5.342429941,0.693147181,0.6
1.22263089,-2.361804453,HTA-3,HTA-12,HT.W3,1,-0.051037479,-0.220187156,7.836791836,5.342429941,0.693147181,0.6
1.281092542,-2.652142569,HTA-3,HTA-13,HT.NE2,1,-0.051037479,-0.220187156,7.863212335,5.342429941,0.693147181,0.6
0.989010627,-2.537042404,HTA-3,HTA-14,HT.NE3,1,-0.051037479,-0.220187156,8.174738686,5.342429941,0.693147181,0.6
-0.337715527,-2.280823601,HTA-3,HTA-15,HT.NE4,1,-0.051037479,-0.220187156,8.434005671,5.342429941,0.693147181,0.6
3.803455369,-2.957473561,HTA-3,HTA-2,HT.L4,1,-0.051037479,-0.220187156,5.58444436,5.342429941,0.693147181,0.6
3.637222049,-2.985515137,HTA-3,HTA-2,HT.L4,1,-0.051037479,-0.220187156,5.58444436,5.342429941,0.693147181,0.6
2.956851587,-2.89407862,HTA-3,HTA-3,HT.L5,1,-0.051037479,-0.220187156,6.24830519,5.342429941,0.693147181,0.6
3.235989807,-2.767800206,HTA-3,HTA-4,HT.UC3,1,-0.051037479,-0.220187156,6.281654057,5.342429941,0.693147181,0.6
2.988783727,-2.788718104,HTA-3,HTA-6,HT.UC4,1,-0.051037479,-0.220187156,6.344523341,5.342429941,0.693147181,0.6
2.730435123,-2.825989499,HTA-3,HTA-7,HT.L6,1,-0.051037479,-0.220187156,6.636386193,5.342429941,0.693147181,0.6
2.777578824,-2.814244398,HTA-3,HTA-7,HT.L6,1,-0.051037479,-0.220187156,6.636386193,5.342429941,0.693147181,0.6
2.624012254,-2.795243413,HTA-3,HTA-8,HT.L7,1,-0.051037479,-0.220187156,6.912609174,5.342429941,0.693147181,0.6
2.625310778,-2.79934346,HTA-3,HTA-8,HT.L7,1,-0.051037479,-0.220187156,6.912609174,5.342429941,0.693147181,0.6
2.209838155,-2.957473561,HTA-3,HTA-9,HT.L8,1,-0.051037479,-0.220187156,7.132476699,5.342429941,0.693147181,0.6
3.623527929,-3.632499121,HTA-4,HTA-1,HT.L3,1,-0.00445435,-0.2189579,5.040736092,5.342429941,0.693147181,-0.6
3.758873361,-3.655047422,HTA-4,HTA-1,HT.L3,1,-0.00445435,-0.2189579,5.040736092,5.342429941,0.693147181,-0.6
0.946208995,-3.094448246,HTA-4,HTA-10,HT.NE1,1,-0.00445435,-0.2189579,7.390490172,5.342429941,0.693147181,-0.6
-0.018569372,-2.515159693,HTA-4,HTA-11,HT.SE2,1,-0.00445435,-0.2189579,7.791139488,5.342429941,0.693147181,-0.6
0.548395962,-2.901331598,HTA-4,HTA-12,HT.W3,1,-0.00445435,-0.2189579,7.837552861,5.342429941,0.693147181,-0.6
0.763305141,-2.810913837,HTA-4,HTA-13,HT.NE2,1,-0.00445435,-0.2189579,7.854349641,5.342429941,0.693147181,-0.6
0.307170173,-2.656406968,HTA-4,HTA-14,HT.NE3,1,-0.00445435,-0.2189579,8.168229458,5.342429941,0.693147181,-0.6
-0.464460434,-2.486507931,HTA-4,HTA-15,HT.NE4,1,-0.00445435,-0.2189579,8.429009205,5.342429941,0.693147181,-0.6
3.135321719,-3.568433301,HTA-4,HTA-2,HT.L4,1,-0.00445435,-0.2189579,5.537649838,5.342429941,0.693147181,-0.6
2.432421681,-3.42651519,HTA-4,HTA-3,HT.L5,1,-0.00445435,-0.2189579,6.223076668,5.342429941,0.693147181,-0.6
2.588779415,-3.130407177,HTA-4,HTA-4,HT.UC3,1,-0.00445435,-0.2189579,6.260553944,5.342429941,0.693147181,-0.6
2.308928038,-3.125840959,HTA-4,HTA-5,HT.UC2,1,-0.00445435,-0.2189579,6.277824464,5.342429941,0.693147181,-0.6
2.137680911,-3.402197882,HTA-4,HTA-7,HT.L6,1,-0.00445435,-0.2189579,6.621075385,5.342429941,0.693147181,-0.6
2.444525544,-3.379925246,HTA-4,HTA-7,HT.L6,1,-0.00445435,-0.2189579,6.621075385,5.342429941,0.693147181,-0.6
1.993440459,-3.42497791,HTA-4,HTA-8,HT.L7,1,-0.00445435,-0.2189579,6.899584163,5.342429941,0.693147181,-0.6
2.202660805,-3.442019376,HTA-4,HTA-8,HT.L7,1,-0.00445435,-0.2189579,6.899584163,5.342429941,0.693147181,-0.6
1.748592999,-3.324236341,HTA-4,HTA-9,HT.L8,1,-0.00445435,-0.2189579,7.120530752,5.342429941,0.693147181,-0.6
1.831689831,-3.35526845,HTA-4,HTA-9,HT.L8,1,-0.00445435,-0.2189579,7.120530752,5.342429941,0.693147181,-0.6
2.169886415,-3.32007833,HTA-5,HTA-1,1HT.L3,1,-0.005221944,-0.2189579,5.161486572,5.342429941,0.693147181,-2.2
2.44144035,-3.2713223,HTA-5,HTA-1,1HT.L3,1,-0.005221944,-0.2189579,5.161486572,5.342429941,0.693147181,-2.2
-0.446952595,-2.895886939,HTA-5,HTA-10,1HT.N,1,-0.005221944,-0.2189579,7.409360321,5.342429941,0.693147181,-2.2
-1.304097876,-2.452826756,HTA-5,HTA-11,1HT.S,1,-0.005221944,-0.2189579,7.788483072,5.342429941,0.693147181,-2.2
-0.90102424,-2.418557269,HTA-5,HTA-12,1HT.W3,1,-0.005221944,-0.2189579,7.837399771,5.342429941,0.693147181,-2.2
-0.572065531,-2.592269168,HTA-5,HTA-13,2HT.N,1,-0.005221944,-0.2189579,7.866914515,5.342429941,0.693147181,-2.2
-0.902451484,-2.512072318,HTA-5,HTA-14,3HT.N,1,-0.005221944,-0.2189579,8.177547656,5.342429941,0.693147181,-2.2
-1.697121942,-2.420243136,HTA-5,HTA-15,4HT.N,1,-0.005221944,-0.2189579,8.436096229,5.342429941,0.693147181,-2.2
1.710144723,-3.299543728,HTA-5,HTA-2,1HT.L4,1,-0.005221944,-0.2189579,5.61239208,5.342429941,0.693147181,-2.2
0.979794803,-3.317315898,HTA-5,HTA-3,1HT.L5,1,-0.005221944,-0.2189579,6.262946107,5.342429941,0.693147181,-2.2
1.082132716,-2.984792334,HTA-5,HTA-4,2HT.U,1,-0.005221944,-0.2189579,6.294687977,5.342429941,0.693147181,-2.2
0.82417446,-3.06080427,HTA-5,HTA-5,1HT.U,1,-0.005221944,-0.2189579,6.311129241,5.342429941,0.693147181,-2.2
0.528807741,-3.437342828,HTA-5,HTA-7,1HT.L6,1,-0.005221944,-0.2189579,6.645669107,5.342429941,0.693147181,-2.2
1.129106684,-3.190531352,HTA-5,HTA-7,1HT.L6,1,-0.005221944,-0.2189579,6.645669107,5.342429941,0.693147181,-2.2
0.372586713,-3.437342828,HTA-5,HTA-8,1HT.L7,1,-0.005221944,-0.2189579,6.920131116,5.342429941,0.693147181,-2.2
0.906257298,-3.239078532,HTA-5,HTA-8,1HT.L7,1,-0.005221944,-0.2189579,6.920131116,5.342429941,0.693147181,-2.2
0.335689703,-3.190531352,HTA-5,HTA-9,1HT.L8,1,-0.005221944,-0.2189579,7.139017197,5.342429941,0.693147181,-2.2
1.951369214,-3.173663482,HTP-1,HTP-10,C5UM,3,0.006920443,-0.2189579,7.303057149,5.166327642,0.693147181,0.27
1.214851304,-2.73029581,HTP-1,HTP-11,L20UM,3,0.006920443,-0.2189579,7.661247705,5.166327642,0.693147181,0.27
1.197112974,-3.148883453,HTP-1,HTP-12,W2UM,3,0.006920443,-0.2189579,7.754470148,5.166327642,0.693147181,0.27
0.679458303,-2.663554961,HTP-1,HTP-13,L25UM,3,0.006920443,-0.2189579,7.851437227,5.166327642,0.693147181,0.27
-0.121439749,-2.520741103,HTP-1,HTP-16,C7UM,3,0.006920443,-0.2189579,8.513785377,5.166327642,0.693147181,0.27
0.19843028,-2.254747764,HTP-1,HTP-17,L40UM,3,0.006920443,-0.2189579,8.330655318,5.166327642,0.693147181,0.27
4.15448585,-3.349554149,HTP-1,HTP-2,NS02UM,3,0.006920443,-0.2189579,4.966305507,5.166327642,0.693147181,0.27
4.02199607,-3.23653076,HTP-1,HTP-3,NS04UM,3,0.006920443,-0.2189579,5.242805785,5.166327642,0.693147181,0.27
4.001262322,-3.233989463,HTP-1,HTP-4,NS01UM,3,0.006920443,-0.2189579,5.330680747,5.166327642,0.693147181,0.27
3.450970114,-3.275446176,HTP-1,HTP-5,NS05UM,3,0.006920443,-0.2189579,5.71402549,5.166327642,0.693147181,0.27
0.241335592,-2.44184716,HTP-1,HTP-6,NS08UM,3,0.006920443,-0.2189579,8.070443718,5.166327642,0.693147181,0.27
2.81024274,-3.137295838,HTP-1,HTP-7,NS06UM,3,0.006920443,-0.2189579,6.162054603,5.166327642,0.693147181,0.27
1.737102147,-3.053361386,HTP-1,HTP-8,W1UM,3,0.006920443,-0.2189579,7.223830555,5.166327642,0.693147181,0.27
1.583683503,-2.958436489,HTP-1,HTP-9,L15UM,3,0.006920443,-0.2189579,7.390442608,5.166327642,0.693147181,0.27
1.538942301,-3.008817513,HTP-2,HTP-10,C5UM,3,0.006920443,-0.2189579,7.303057149,5.166327642,0.693147181,0.27
1.317282021,-2.981829368,HTP-2,HTP-11,L20UM,3,0.006920443,-0.2189579,7.661247705,5.166327642,0.693147181,0.27
1.0382034,-3.079113882,HTP-2,HTP-12,W2UM,3,0.006920443,-0.2189579,7.754470148,5.166327642,0.693147181,0.27
0.917876627,-2.997734276,HTP-2,HTP-13,L25UM,3,0.006920443,-0.2189579,7.851437227,5.166327642,0.693147181,0.27
0.874621594,-2.972015747,HTP-2,HTP-14,L30UM,3,0.006920443,-0.2189579,8.007878672,5.166327642,0.693147181,0.27
0.881269957,-2.991740252,HTP-2,HTP-15,NS07UM,3,0.006920443,-0.2189579,8.096512561,5.166327642,0.693147181,0.27
0.32129124,-2.917845735,HTP-2,HTP-16,C7UM,3,0.006920443,-0.2189579,8.513785377,5.166327642,0.693147181,0.27
0.674558889,-2.991740252,HTP-2,HTP-17,L40UM,3,0.006920443,-0.2189579,8.330655318,5.166327642,0.693147181,0.27
0.445263765,-2.940297567,HTP-2,HTP-18,C1UM,3,0.006920443,-0.2189579,8.454195594,5.166327642,0.693147181,0.27
0.030968349,-3.038639775,HTP-2,HTP-19,L50UM,3,0.006920443,-0.2189579,8.540112533,5.166327642,0.693147181,0.27
4.046580488,-3.363901597,HTP-2,HTP-2,NS02UM,3,0.006920443,-0.2189579,4.966305507,5.166327642,0.693147181,0.27
3.824131047,-3.393229212,HTP-2,HTP-3,NS04UM,3,0.006920443,-0.2189579,5.242805785,5.166327642,0.693147181,0.27
3.942152136,-3.299543728,HTP-2,HTP-4,NS01UM,3,0.006920443,-0.2189579,5.330680747,5.166327642,0.693147181,0.27
0.755317883,-2.991740252,HTP-2,HTP-6,NS08UM,3,0.006920443,-0.2189579,8.070443718,5.166327642,0.693147181,0.27
2.666595066,-3.496607566,HTP-2,HTP-7,NS06UM,3,0.006920443,-0.2189579,6.162054603,5.166327642,0.693147181,0.27
1.681261895,-3.184474398,HTP-2,HTP-8,W1UM,3,0.006920443,-0.2189579,7.223830555,5.166327642,0.693147181,0.27
1.661908628,-3.096658192,HTP-2,HTP-9,L15UM,3,0.006920443,-0.2189579,7.390442608,5.166327642,0.693147181,0.27
4.375567015,-3.179655112,HTP-3,HTP-1,NS03UM,3,0.006920443,-0.2189579,4.875369919,5.166327642,0.693147181,2.13
1.714176661,-3.275446176,HTP-3,HTP-10,C5UM,3,0.006920443,-0.2189579,7.374879611,5.166327642,0.693147181,2.13
1.543623071,-2.849037894,HTP-3,HTP-11,L20UM,3,0.006920443,-0.2189579,7.599592017,5.166327642,0.693147181,2.13
1.477768908,-3.241632812,HTP-3,HTP-12,W2UM,3,0.006920443,-0.2189579,7.792300118,5.166327642,0.693147181,2.13
1.085186628,-2.710553331,HTP-3,HTP-13,L25UM,3,0.006920443,-0.2189579,7.800706557,5.166327642,0.693147181,2.13
1.046995771,-2.594275187,HTP-3,HTP-14,L30UM,3,0.006920443,-0.2189579,7.964754569,5.166327642,0.693147181,2.13
1.065681301,-2.843869924,HTP-3,HTP-15,NS07UM,3,0.006920443,-0.2189579,8.084862948,5.166327642,0.693147181,2.13
0.787212821,-2.279845606,HTP-3,HTP-16,C7UM,3,0.006920443,-0.2189579,8.526524155,5.166327642,0.693147181,2.13
0.802896246,-2.704556312,HTP-3,HTP-17,L40UM,3,0.006920443,-0.2189579,8.299916513,5.166327642,0.693147181,2.13
0.609611421,-2.685310714,HTP-3,HTP-18,C1UM,3,0.006920443,-0.2189579,8.432372445,5.166327642,0.693147181,2.13
0.194567457,-2.603690186,HTP-3,HTP-19,L50UM,3,0.006920443,-0.2189579,8.51520599,5.166327642,0.693147181,2.13
-1.343991178,-3.491669285,HTP-3,HTP-6,NS08B,3,0.006920443,-0.2189579,8.064004558,5.166327642,0.693147181,2.13
1.099623386,-3.199073198,HTP-3,HTP-6,NS08UM,3,0.006920443,-0.2189579,8.064004558,5.166327642,0.693147181,2.13
2.855275859,-2.920624801,HTP-3,HTP-7,NS06UM,3,0.006920443,-0.2189579,6.326248931,5.166327642,0.693147181,2.13
1.949482407,-3.264919763,HTP-3,HTP-8,W1UM,3,0.006920443,-0.2189579,7.284936201,5.166327642,0.693147181,2.13
1.93866152,-2.966173471,HTP-3,HTP-9,L15UM,3,0.006920443,-0.2189579,7.308692241,5.166327642,0.693147181,2.13
4.163422796,-3.352407217,HTP-4,HTP-1,NS03UM,3,0.006920443,-0.2189579,4.875369919,5.166327642,0.693147181,0.27
1.695634069,-3.272804167,HTP-4,HTP-10,C5UM,3,0.006920443,-0.2189579,7.374879611,5.166327642,0.693147181,0.27
1.18372337,-2.828524355,HTP-4,HTP-11,L20UM,3,0.006920443,-0.2189579,7.599592017,5.166327642,0.693147181,0.27
1.366297329,-3.11903049,HTP-4,HTP-12,W2UM,3,0.006920443,-0.2189579,7.792300118,5.166327642,0.693147181,0.27
0.750095536,-2.756715373,HTP-4,HTP-13,L25UM,3,0.006920443,-0.2189579,7.800706557,5.166327642,0.693147181,0.27
0.612178148,-2.73183073,HTP-4,HTP-14,L30UM,3,0.006920443,-0.2189579,7.964754569,5.166327642,0.693147181,0.27
0.576620151,-2.617295838,HTP-4,HTP-16,C7UM,3,0.006920443,-0.2189579,8.526524155,5.166327642,0.693147181,0.27
0.395731157,-2.530741186,HTP-4,HTP-17,L40UM,3,0.006920443,-0.2189579,8.299916513,5.166327642,0.693147181,0.27
0.255643896,-2.746531188,HTP-4,HTP-18,C1UM,3,0.006920443,-0.2189579,8.432372445,5.166327642,0.693147181,0.27
3.283090392,-3.174858939,HTP-4,HTP-5,NS05UM,3,0.006920443,-0.2189579,5.890749405,5.166327642,0.693147181,0.27
0.914561983,-3.270169119,HTP-4,HTP-6,NS08UM,3,0.006920443,-0.2189579,8.064004558,5.166327642,0.693147181,0.27
2.712510936,-3.186892779,HTP-4,HTP-7,NS06UM,3,0.006920443,-0.2189579,6.326248931,5.166327642,0.693147181,0.27
1.828873114,-3.186892779,HTP-4,HTP-8,W1UM,3,0.006920443,-0.2189579,7.284936201,5.166327642,0.693147181,0.27
1.472459499,-2.977892355,HTP-4,HTP-9,L15UM,3,0.006920443,-0.2189579,7.308692241,5.166327642,0.693147181,0.27
4.102015674,-3.537017105,HTP-5,HTP-1,NS03UM,3,0.006920443,-0.2189579,4.875369919,5.166327642,0.693147181,-0.27
1.484285444,-3.311813821,HTP-5,HTP-10,C5UM,3,0.006920443,-0.2189579,7.374879611,5.166327642,0.693147181,-0.27
1.259326272,-2.987764104,HTP-5,HTP-11,L20UM,3,0.006920443,-0.2189579,7.599592017,5.166327642,0.693147181,-0.27
0.929764839,-3.101092789,HTP-5,HTP-12,W2UM,3,0.006920443,-0.2189579,7.792300118,5.166327642,0.693147181,-0.27
0.824598679,-2.945039159,HTP-5,HTP-13,L25UM,3,0.006920443,-0.2189579,7.800706557,5.166327642,0.693147181,-0.27
0.652198835,-2.991740252,HTP-5,HTP-14,L30UM,3,0.006920443,-0.2189579,7.964754569,5.166327642,0.693147181,-0.27
0.84143289,-3.051244983,HTP-5,HTP-15,NS07UM,3,0.006920443,-0.2189579,8.084862948,5.166327642,0.693147181,-0.27
0.170177567,-2.626239826,HTP-5,HTP-16,C7UM,3,0.006920443,-0.2189579,8.526524155,5.166327642,0.693147181,-0.27
-0.602337743,-2.643667942,HTP-5,HTP-17,L40UM,3,0.006920443,-0.2189579,8.299916513,5.166327642,0.693147181,-0.27
0.275798794,-2.840439389,HTP-5,HTP-18,C1UM,3,0.006920443,-0.2189579,8.432372445,5.166327642,0.693147181,-0.27
-0.195172397,-2.753570716,HTP-5,HTP-19,L50UM,3,0.006920443,-0.2189579,8.51520599,5.166327642,0.693147181,-0.27
3.211785794,-3.299543728,HTP-5,HTP-5,NS05UM,3,0.006920443,-0.2189579,5.890749405,5.166327642,0.693147181,-0.27
0.888234774,-3.233989463,HTP-5,HTP-6,NS08UM,3,0.006920443,-0.2189579,8.064004558,5.166327642,0.693147181,-0.27
2.531701815,-3.239078532,HTP-5,HTP-7,NS06UM,3,0.006920443,-0.2189579,6.326248931,5.166327642,0.693147181,-0.27
1.584054611,-3.275446176,HTP-5,HTP-8,W1UM,3,0.006920443,-0.2189579,7.284936201,5.166327642,0.693147181,-0.27
1.647254789,-3.074775481,HTP-5,HTP-9,L15UM,3,0.006920443,-0.2189579,7.308692241,5.166327642,0.693147181,-0.27
-0.709527413,-2.342365963,HTP-6,HTP-6,NS08UM,3,0.006920443,-0.2189579,8.064004558,5.166327642,0.693147181,-2.14
0.074140063,-2.383795148,HTP-7,HTP-11,L20UM,3,0.006920443,-0.2189579,7.591326058,5.166327642,0.693147181,-2.14
-0.430032976,-2.683845512,HTP-7,HTP-13,L25UM,3,0.006920443,-0.2189579,7.794074231,5.166327642,0.693147181,-2.14
-0.248691013,-2.26336438,HTP-7,HTP-14,L30UM,3,0.006920443,-0.2189579,7.958741169,5.166327642,0.693147181,-2.14
-0.41337883,-2.600991129,HTP-7,HTP-17,L40UM,3,0.006920443,-0.2189579,8.294997882,5.166327642,0.693147181,-2.14
-0.947736774,-2.238202834,HTP-7,HTP-18,C1UM,3,0.006920443,-0.2189579,8.42543682,5.166327642,0.693147181,-2.14
-0.878152261,-2.615926912,HTP-7,HTP-19,L50UM,3,0.006920443,-0.2189579,8.511318065,5.166327642,0.693147181,-2.14
-0.911857774,-2.225624052,HTP-8,HTP-17,L40UM,3,0.006920443,-0.2189579,8.294997882,5.166327642,0.693147181,-8.57
-1.149542831,-2.424752727,HTP-8,HTP-19,L50UM,3,0.006920443,-0.2189579,8.511318065,5.166327642,0.693147181,-8.57
-1.333530171,-2.226550407,HTP-8,HTP-6,NS08UM,3,0.006920443,-0.2189579,8.053010875,5.166327642,0.693147181,-8.57
-0.346261669,-2.314657674,HTP-8,HTP-9,L15UM,3,0.006920443,-0.2189579,7.298345107,5.166327642,0.693147181,-8.57
-0.579635342,-2.314151729,HTP-9,HTP-16,C7UM,3,0.006920443,-0.2189579,8.178951506,5.166327642,0.693147181,-4.61
-1.868591787,-2.922481812,HTP-9,HTP-6,NS08B,3,0.006920443,-0.2189579,5.779621248,5.166327642,0.693147181,-4.61
4.88065859,-2.090300285,SAY-1,SAY-1,NS2A,2,0.006920443,-0.2189579,6.740128726,9.026417534,0.693147181,2
4.217915695,-1.87960756,SAY-1,SAY-2,NS1A,2,0.006920443,-0.2189579,7.336276302,9.026417534,0.693147181,2
3.768362973,-1.942814944,SAY-1,SAY-5,NS3A,2,0.006920443,-0.2189579,7.809184251,9.026417534,0.693147181,2
3.135688478,-1.87993516,SAY-1,SAY-7,NS5A,2,0.006920443,-0.2189579,8.370104857,9.026417534,0.693147181,2
3.065655245,-1.748125432,SAY-1,SAY-8,NS6A,2,0.006920443,-0.2189579,8.377303954,9.026417534,0.693147181,2
5.639909474,-1.281754182,SAY-3,SAY-3,NS2B,2,0.006920443,-0.2189579,7.587344025,11.32386131,0.693147181,2
5.508684465,-1.174899557,SAY-3,SAY-4,NS1B,2,0.006920443,-0.2189579,7.724662739,11.32386131,0.693147181,2
5.227840883,-1.151064149,SAY-3,SAY-5,NS3B,2,0.006920443,-0.2189579,8.007523182,11.32386131,0.693147181,2
5.000458946,-1.123622452,SAY-3,SAY-6,NS4B,2,0.006920443,-0.2189579,8.281809668,11.32386131,0.693147181,2
4.792167736,-1.082345316,SAY-3,SAY-8,NS6B,2,0.006920443,-0.2189579,8.500854315,11.32386131,0.693147181,2
4.682099544,-1.011700917,SAY-3,SAY-9,NS5B,2,0.006920443,-0.2189579,8.694940122,11.32386131,0.693147181,2
