"Y1","Y2","Source","Path","Type","logTempSc","logPressureSc","lRange","W","C2N","HOB"
3.29559936894748,-2.81609115095341,"HRI-1","HR","1",0.0553821458515849,-0.195776585960536,6.71448199513098,6.29114312290018,0.693147180559945,5
2.03764174376317,-2.60221355981852,"HRI-1","HR","1",0.0553821458515849,-0.195776585960536,7.80924573918535,6.29114312290018,0.693147180559945,5
4.32994274912991,-3.03575606647937,"HRI-2","HR","1",0.039487771507118,-0.187683054228158,5.62189618754012,6.29114312290018,0.693147180559945,3
3.15374885086866,-2.83710677278342,"HRI-2","HR","1",0.039487771507118,-0.187683054228158,6.69618980991278,6.29114312290018,0.693147180559945,3
1.88991760411769,-2.54238177871039,"HRI-2","HR","1",0.039487771507118,-0.187683054228158,7.81270555029275,6.29114312290018,0.693147180559945,3
4.29820887405927,-2.97166122674272,"HRI-3","HR","1",0.0563672058557172,-0.19172760944253,5.60791294339233,6.29114312290018,0.693147180559945,1.5
3.02377909305881,-2.70945509902862,"HRI-3","HR","1",0.0563672058557172,-0.19172760944253,6.71564547580098,6.29114312290018,0.693147180559945,1.5
3.56712668462705,-2.93690507496617,"HRI-4","HR","1",0.0284119744435731,-0.179654502188338,5.61329019231839,6.29114312290018,0.693147180559945,-1.5
2.36621977321821,-2.69564930752732,"HRI-4","HR","1",0.0284119744435731,-0.179654502188338,6.70668580323878,6.29114312290018,0.693147180559945,-1.5
4.05064197467124,-3.01128032103693,"HRI-5","HR","1",0.0418214948533384,-0.183654791566658,5.65075977653167,6.29114312290018,0.693147180559945,0.5
2.82342181363196,-2.7333342097299,"HRI-5","HR","1",0.0418214948533384,-0.183654791566658,6.69743884114497,6.29114312290018,0.693147180559945,0.5
1.56269736368833,-2.53133735795697,"HRI-5","HR","1",0.0418214948533384,-0.183654791566658,7.81765836622245,6.29114312290018,0.693147180559945,0.5
4.01728763731462,-2.9956958301958,"HRI-6","HR","1",0.0361444049691437,-0.187683054228158,5.55908452343807,6.29114312290018,0.693147180559945,-0.5
2.63286235942717,-2.74185667148352,"HRI-6","HR","1",0.0361444049691437,-0.187683054228158,6.72735562254139,6.29114312290018,0.693147180559945,-0.5
1.4371428459179,-2.48075560341384,"HRI-6","HR","1",0.0361444049691437,-0.187683054228158,7.80952824254737,6.29114312290018,0.693147180559945,-0.5
2.1244639910113,-2.91373837088789,"HRI-7","HR","1",0.0487901641694322,-0.187683054228158,5.66117916853982,6.29114312290018,0.693147180559945,-5
1.0167845183685,-2.70425247536957,"HRI-7","HR","1",0.0487901641694322,-0.187683054228158,6.68570445301707,6.29114312290018,0.693147180559945,-5
-0.309943791761934,-2.40984556397087,"HRI-7","HR","1",0.0487901641694322,-0.187683054228158,7.81693115078149,6.29114312290018,0.693147180559945,-5
4.26714040018144,-2.99388713250455,"HRII-4","HR","1",0.0566953436765454,-0.19172760944253,5.38828313188208,6.61189317443992,0.693147180559945,-0.6
4.19997602375821,-2.99144642807267,"HRII-4","HR","1",0.0566953436765454,-0.19172760944253,5.42282409710406,6.61189317443992,0.693147180559945,-0.6
4.05600837655003,-2.9661798594246,"HRII-4","HR","1",0.0566953436765454,-0.19172760944253,5.55204064808748,6.61189317443992,0.693147180559945,-0.6
4.03262770094808,-2.94378774678307,"HRII-4","HR","1",0.0566953436765454,-0.19172760944253,5.59373543517976,6.61189317443992,0.693147180559945,-0.6
3.91795276520046,-2.92810430616999,"HRII-4","HR","1",0.0566953436765454,-0.19172760944253,5.62385004578378,6.61189317443992,0.693147180559945,-0.6
3.30876231525883,-2.80764520831255,"HRII-4","HR","1",0.0566953436765454,-0.19172760944253,6.15564309944311,6.61189317443992,0.693147180559945,-0.6
3.35868876565071,-2.80772937887311,"HRII-4","HR","1",0.0566953436765454,-0.19172760944253,6.16988852723719,6.61189317443992,0.693147180559945,-0.6
2.74326406325127,-2.69131707494901,"HRII-4","HR","1",0.0566953436765454,-0.19172760944253,6.71659535325212,6.61189317443992,0.693147180559945,-0.6
2.55411360735334,-2.645331084635,"HRII-4","HR","1",0.0566953436765454,-0.19172760944253,6.88913897820844,6.61189317443992,0.693147180559945,-0.6
2.51908977153414,-2.61943484950745,"HRII-4","HR","1",0.0566953436765454,-0.19172760944253,6.92266585036081,6.61189317443992,0.693147180559945,-0.6
2.50537633121263,-2.68250093637515,"HRII-4","HR","1",0.0566953436765454,-0.19172760944253,6.93708433890045,6.61189317443992,0.693147180559945,-0.6
2.28865165509356,-2.62713701034611,"HRII-4","HR","1",0.0566953436765454,-0.19172760944253,7.10900075285068,6.61189317443992,0.693147180559945,-0.6
2.06669041351868,-2.56381385082749,"HRII-4","HR","1",0.0566953436765454,-0.19172760944253,7.30074584541647,6.61189317443992,0.693147180559945,-0.6
3.98804633211923,-2.96480787730721,"HRII-6","HR","1",0.0448140157897923,-0.187683054228158,5.45895408431284,6.29114312290018,0.693147180559945,-1
4.00734532092768,-2.98241847036337,"HRII-6","HR","1",0.0448140157897923,-0.187683054228158,5.45895408431284,6.29114312290018,0.693147180559945,-1
3.91775780488846,-2.92284762456466,"HRII-6","HR","1",0.0448140157897923,-0.187683054228158,5.51733017172566,6.29114312290018,0.693147180559945,-1
3.94213787262802,-2.97627005817027,"HRII-6","HR","1",0.0448140157897923,-0.187683054228158,5.51733017172566,6.29114312290018,0.693147180559945,-1
3.83740287212806,-2.93244516029835,"HRII-6","HR","1",0.0448140157897923,-0.187683054228158,5.52613494558194,6.29114312290018,0.693147180559945,-1
3.91765387490809,-2.9353775461581,"HRII-6","HR","1",0.0448140157897923,-0.187683054228158,5.53580779650407,6.29114312290018,0.693147180559945,-1
3.80558593385633,-2.90810496081448,"HRII-6","HR","1",0.0448140157897923,-0.187683054228158,5.62336335508892,6.29114312290018,0.693147180559945,-1
3.18304558606805,-2.8040889703791,"HRII-6","HR","1",0.0448140157897923,-0.187683054228158,6.20119438268586,6.29114312290018,0.693147180559945,-1
3.16971349231079,-2.79680808936678,"HRII-6","HR","1",0.0448140157897923,-0.187683054228158,6.20298119475182,6.29114312290018,0.693147180559945,-1
2.66386110836816,-2.6818495338632,"HRII-6","HR","1",0.0448140157897923,-0.187683054228158,6.68316296644811,6.29114312290018,0.693147180559945,-1
2.37910640780723,-2.64952921967565,"HRII-6","HR","1",0.0448140157897923,-0.187683054228158,6.90289225595328,6.29114312290018,0.693147180559945,-1
2.31762754055207,-2.61247330852732,"HRII-6","HR","1",0.0448140157897923,-0.187683054228158,6.90640653557675,6.29114312290018,0.693147180559945,-1
2.35661597925797,-2.60511794063896,"HRII-6","HR","1",0.0448140157897923,-0.187683054228158,6.90891583737728,6.29114312290018,0.693147180559945,-1
2.36137462183213,-2.65709401198299,"HRII-6","HR","1",0.0448140157897923,-0.187683054228158,6.91440784306937,6.29114312290018,0.693147180559945,-1
2.33894444884478,-2.62803749068922,"HRII-6","HR","1",0.0448140157897923,-0.187683054228158,6.94351547240061,6.29114312290018,0.693147180559945,-1
2.11725158955545,-2.55374915571273,"HRII-6","HR","1",0.0448140157897923,-0.187683054228158,7.13127690549683,6.29114312290018,0.693147180559945,-1
1.95008467938811,-2.5449322603132,"HRII-6","HR","1",0.0448140157897923,-0.187683054228158,7.30887842174632,6.29114312290018,0.693147180559945,-1
1.83940911779613,-2.55363616079181,"HRII-6","HR","1",0.0448140157897923,-0.187683054228158,7.31271406705199,6.29114312290018,0.693147180559945,-1
1.58336262658892,-2.47205180951438,"HRII-6","HR","1",0.0448140157897923,-0.187683054228158,7.57517346640328,6.29114312290018,0.693147180559945,-1
1.0878232225798,-2.36348581871875,"HRII-6","HR","1",0.0448140157897923,-0.187683054228158,8.00576988900727,6.29114312290018,0.693147180559945,-1
1.1311890285983,-2.38760894393804,"HRII-6","HR","1",0.0448140157897923,-0.187683054228158,8.00657686695695,6.29114312290018,0.693147180559945,-1
0.791899314069136,-2.34071253807759,"HRII-6","HR","1",0.0448140157897923,-0.187683054228158,8.24271476567802,6.29114312290018,0.693147180559945,-1
0.654220224654599,-2.32401481433186,"HRII-6","HR","1",0.0448140157897923,-0.187683054228158,8.37013003512992,6.29114312290018,0.693147180559945,-1
0.334111787927706,-2.24716618517194,"HRII-6","HR","1",0.0448140157897923,-0.187683054228158,8.71882103426222,6.29114312290018,0.693147180559945,-1
0.25672686796737,-2.23725444478384,"HRII-6","HR","1",0.0448140157897923,-0.187683054228158,8.73509377574538,6.29114312290018,0.693147180559945,-1
3.63259257291673,-3.51676141549769,"HRIII-1","52","1",0.031444832707658,-0.195884623341575,5.35641008065047,4.50777783997944,0.693147180559945,2
3.356031113895,-3.42377123513378,"HRIII-1","52","1",0.031444832707658,-0.195884623341575,5.58473681488195,4.50777783997944,0.693147180559945,2
3.27860697682686,-3.43557658779477,"HRIII-1","52","1",0.031444832707658,-0.195884623341575,5.60903050355233,4.50777783997944,0.693147180559945,2
3.1832871804496,-3.42655136710181,"HRIII-1","52","1",0.031444832707658,-0.195884623341575,5.63427376978708,4.50777783997944,0.693147180559945,2
1.78865706145312,-3.12134628899668,"HRIII-1","52","1",0.031444832707658,-0.195884623341575,6.89107460425891,4.50777783997944,0.693147180559945,2
3.42986655200199,-3.48459114347825,"HRIII-1","52","1",0.031444832707658,-0.195884623341575,5.48226123998646,4.50777783997944,0.693147180559945,2
3.32747546360953,-3.4859107574373,"HRIII-1","52","1",0.031444832707658,-0.195884623341575,5.57378769774931,4.50777783997944,0.693147180559945,2
3.26650472335223,-3.4776309737503,"HRIII-1","52","1",0.031444832707658,-0.195884623341575,5.59206162628848,4.50777783997944,0.693147180559945,2
3.31308139031756,-3.47302971679142,"HRIII-1","52","1",0.031444832707658,-0.195884623341575,5.60223043812428,4.50777783997944,0.693147180559945,2
3.19915384726632,-3.43918321250979,"HRIII-1","52","1",0.031444832707658,-0.195884623341575,5.64963036181061,4.50777783997944,0.693147180559945,2
3.20916962346113,-3.4207713524302,"HRIII-1","52","1",0.031444832707658,-0.195884623341575,5.66704359353665,4.50777783997944,0.693147180559945,2
3.15090561641686,-3.41393997562331,"HRIII-1","52","1",0.031444832707658,-0.195884623341575,5.69748663922199,4.50777783997944,0.693147180559945,2
3.22445980355622,-3.41693773777498,"HRIII-1","52","1",0.031444832707658,-0.195884623341575,5.71368169017787,4.50777783997944,0.693147180559945,2
3.03106186885036,-3.40296481360946,"HRIII-1","52","1",0.031444832707658,-0.195884623341575,5.74755386044,4.50777783997944,0.693147180559945,2
3.07476632183764,-3.41526443640333,"HRIII-1","52","1",0.031444832707658,-0.195884623341575,5.75038650320921,4.50777783997944,0.693147180559945,2
3.10200187806288,-3.39783393723915,"HRIII-1","52","1",0.031444832707658,-0.195884623341575,5.75352249968423,4.50777783997944,0.693147180559945,2
2.97324688741243,-3.37543938462885,"HRIII-1","52","1",0.031444832707658,-0.195884623341575,5.782691455879,4.50777783997944,0.693147180559945,2
3.03229603907083,-3.37885660045677,"HRIII-1","52","1",0.031444832707658,-0.195884623341575,5.81124681609354,4.50777783997944,0.693147180559945,2
3.10477966626784,-3.42302001891913,"HRIII-1","52","1",0.031444832707658,-0.195884623341575,5.81427825727995,4.50777783997944,0.693147180559945,2
3.003244313583,-3.38692653669916,"HRIII-1","52","1",0.031444832707658,-0.195884623341575,5.81855121088028,4.50777783997944,0.693147180559945,2
3.00280377513913,-3.37472384470378,"HRIII-1","52","1",0.031444832707658,-0.195884623341575,5.8271557933036,4.50777783997944,0.693147180559945,2
2.04177116695363,-3.21250437374153,"HRIII-1","52","1",0.031444832707658,-0.195884623341575,6.68320698659883,4.50777783997944,0.693147180559945,2
2.07880112612822,-3.22661507817859,"HRIII-1","52","1",0.031444832707658,-0.195884623341575,6.68477777586409,4.50777783997944,0.693147180559945,2
2.09505361723179,-3.2069445273487,"HRIII-1","52","1",0.031444832707658,-0.195884623341575,6.6942539410636,4.50777783997944,0.693147180559945,2
2.07000395858161,-3.1873700766323,"HRIII-1","52","1",0.031444832707658,-0.195884623341575,6.6942539410636,4.50777783997944,0.693147180559945,2
1.84325944894507,-3.17254383708673,"HRIII-1","52","1",0.031444832707658,-0.195884623341575,6.86321144857308,4.50777783997944,0.693147180559945,2
1.83656847249153,-3.17663151975639,"HRIII-1","52","1",0.031444832707658,-0.195884623341575,6.86498889529696,4.50777783997944,0.693147180559945,2
1.82891842682215,-3.15802485433796,"HRIII-1","52","1",0.031444832707658,-0.195884623341575,6.87487002431047,4.50777783997944,0.693147180559945,2
1.83126858882864,-3.16322595039951,"HRIII-1","52","1",0.031444832707658,-0.195884623341575,6.87545324372369,4.50777783997944,0.693147180559945,2
1.84473936418121,-3.1902701883767,"HRIII-1","52","1",0.031444832707658,-0.195884623341575,6.87911536172652,4.50777783997944,0.693147180559945,2
1.82694394517926,-3.13713005127468,"HRIII-1","52","1",0.031444832707658,-0.195884623341575,6.88168564144638,4.50777783997944,0.693147180559945,2
1.77203615464414,-3.15690593191484,"HRIII-1","52","1",0.031444832707658,-0.195884623341575,6.89625592881121,4.50777783997944,0.693147180559945,2
1.7977549613596,-3.1285979422854,"HRIII-1","52","1",0.031444832707658,-0.195884623341575,6.90790911697824,4.50777783997944,0.693147180559945,2
1.75677290021531,-3.14601246805032,"HRIII-1","52","1",0.031444832707658,-0.195884623341575,6.90899613683353,4.50777783997944,0.693147180559945,2
1.77971394083433,-3.12554979155337,"HRIII-1","52","1",0.031444832707658,-0.195884623341575,6.9136835138654,4.50777783997944,0.693147180559945,2
1.77616633715798,-3.15666071114848,"HRIII-1","52","1",0.031444832707658,-0.195884623341575,6.91840506391475,4.50777783997944,0.693147180559945,2
1.79401680830016,-3.13463428816199,"HRIII-1","52","1",0.031444832707658,-0.195884623341575,6.91884590234289,4.50777783997944,0.693147180559945,2
1.86128714475613,-3.14642223878611,"HRIII-1","52","1",0.031444832707658,-0.195884623341575,6.92013151118624,4.50777783997944,0.693147180559945,2
1.79837238790663,-3.15534152588258,"HRIII-1","52","1",0.031444832707658,-0.195884623341575,6.92810822916519,4.50777783997944,0.693147180559945,2
1.70213704380621,-3.12631807945593,"HRIII-1","52","1",0.031444832707658,-0.195884623341575,6.92934122605378,4.50777783997944,0.693147180559945,2
1.79727337032277,-3.13771991319626,"HRIII-1","52","1",0.031444832707658,-0.195884623341575,6.9396717563119,4.50777783997944,0.693147180559945,2
1.76108030403899,-3.14373315472449,"HRIII-1","52","1",0.031444832707658,-0.195884623341575,6.93996403254898,4.50777783997944,0.693147180559945,2
1.76623041937863,-3.16946380064879,"HRIII-1","52","1",0.031444832707658,-0.195884623341575,6.94470317222927,4.50777783997944,0.693147180559945,2
1.77636430532736,-3.14287159796424,"HRIII-1","52","1",0.031444832707658,-0.195884623341575,6.95307879487659,4.50777783997944,0.693147180559945,2
1.76115956779321,-3.1161093854766,"HRIII-1","52","1",0.031444832707658,-0.195884623341575,6.95307879487659,4.50777783997944,0.693147180559945,2
1.80348353770079,-3.12830756916134,"HRIII-1","52","1",0.031444832707658,-0.195884623341575,6.95307879487659,4.50777783997944,0.693147180559945,2
1.07384886748332,-2.99838273498141,"HRIII-1","52","1",0.031444832707658,-0.195884623341575,7.57972853769637,4.50777783997944,0.693147180559945,2
1.06042055050728,-3.00454137229687,"HRIII-1","52","1",0.031444832707658,-0.195884623341575,7.57972853769637,4.50777783997944,0.693147180559945,2
1.02238331947366,-2.99159492207484,"HRIII-1","52","1",0.031444832707658,-0.195884623341575,7.57972853769637,4.50777783997944,0.693147180559945,2
0.794612209707798,-2.938697684425,"HRIII-1","52","1",0.031444832707658,-0.195884623341575,7.79022323230478,4.50777783997944,0.693147180559945,2
0.763592105774291,-2.94615461260159,"HRIII-1","52","1",0.031444832707658,-0.195884623341575,7.79022323230478,4.50777783997944,0.693147180559945,2
0.273808186702502,-2.84058856985237,"HRIII-1","52","1",0.031444832707658,-0.195884623341575,8.24691245350697,4.50777783997944,0.693147180559945,2
0.201361692483039,-2.81747638137571,"HRIII-1","52","1",0.031444832707658,-0.195884623341575,8.24691245350697,4.50777783997944,0.693147180559945,2
-2.09933012279355,-3.34660763027004,"HRIII-2","52","1",0.0280744216977524,-0.194684863149671,5.57816255715773,4.50777783997944,0.693147180559945,-7
-2.17862529821405,-3.31751305475179,"HRIII-2","52","1",0.0280744216977524,-0.194684863149671,5.60388662464647,4.50777783997944,0.693147180559945,-7
-2.12742984460955,-3.30007448008711,"HRIII-2","52","1",0.0280744216977524,-0.194684863149671,5.60410840461654,4.50777783997944,0.693147180559945,-7
-2.20426559009032,-3.290293483066,"HRIII-2","52","1",0.0280744216977524,-0.194684863149671,5.61372899234259,4.50777783997944,0.693147180559945,-7
4.73900743607356,-3.32973601399703,"HTA-1","52","1",-0.0413646764676923,-0.215279170648415,5.10196911297056,5.34242994116636,0.693147180559945,4.8
4.73480695188626,-3.31218801601333,"HTA-1","52","1",-0.0413646764676923,-0.215279170648415,5.10196911297056,5.34242994116636,0.693147180559945,4.8
4.13828504127389,-3.17028870172592,"HTA-1","52","1",-0.0413646764676923,-0.215279170648415,5.57573410460912,5.34242994116636,0.693147180559945,4.8
3.33995836265663,-3.06864375627266,"HTA-1","52","1",-0.0413646764676923,-0.215279170648415,6.27765837847615,5.34242994116636,0.693147180559945,4.8
3.26410198109285,-3.00562630930813,"HTA-1","52","1",-0.0413646764676923,-0.215279170648415,6.34086568317141,5.34242994116636,0.693147180559945,4.8
2.94756421370639,-2.95579339293315,"HTA-1","52","1",-0.0413646764676923,-0.215279170648415,6.6335288633799,5.34242994116636,0.693147180559945,4.8
2.96502168557509,-2.97888548780274,"HTA-1","52","1",-0.0413646764676923,-0.215279170648415,6.6335288633799,5.34242994116636,0.693147180559945,4.8
2.59308706814646,-2.88574845576734,"HTA-1","52","1",-0.0413646764676923,-0.215279170648415,6.91026031871614,5.34242994116636,0.693147180559945,4.8
2.63327331498904,-2.92257988553017,"HTA-1","52","1",-0.0413646764676923,-0.215279170648415,6.91026031871614,5.34242994116636,0.693147180559945,4.8
2.37801526456825,-2.87029361232044,"HTA-1","52","1",-0.0413646764676923,-0.215279170648415,7.1303997487871,5.34242994116636,0.693147180559945,4.8
2.0909025776881,-2.78559168735903,"HTA-1","52","1",-0.0413646764676923,-0.215279170648415,7.40209144787831,5.34242994116636,0.693147180559945,4.8
1.61305922320422,-2.71857359393072,"HTA-1","52","1",-0.0413646764676923,-0.215279170648415,7.79030299522076,5.34242994116636,0.693147180559945,4.8
1.54636455479619,-2.69704000416924,"HTA-1","52","1",-0.0413646764676923,-0.215279170648415,7.83670734158903,5.34242994116636,0.693147180559945,4.8
1.59668635072018,-2.66744704626412,"HTA-1","52","1",-0.0413646764676923,-0.215279170648415,7.86191803687332,5.34242994116636,0.693147180559945,4.8
4.36725319874752,-3.3165930670313,"HTA-2","52","1",-0.0441550894109506,-0.214055928905671,5.10196911297056,5.34242994116636,0.693147180559945,2.6
4.40607117212232,-3.31475161545684,"HTA-2","52","1",-0.0441550894109506,-0.214055928905671,5.10196911297056,5.34242994116636,0.693147180559945,2.6
3.83991303014463,-3.20324358347294,"HTA-2","52","1",-0.0441550894109506,-0.214055928905671,5.57573410460912,5.34242994116636,0.693147180559945,2.6
3.12036185809871,-3.07499055424455,"HTA-2","52","1",-0.0441550894109506,-0.214055928905671,6.27765837847615,5.34242994116636,0.693147180559945,2.6
3.02937733466654,-3.02762108101695,"HTA-2","52","1",-0.0441550894109506,-0.214055928905671,6.34086568317141,5.34242994116636,0.693147180559945,2.6
2.67850420588379,-2.99968217447476,"HTA-2","52","1",-0.0441550894109506,-0.214055928905671,6.6335288633799,5.34242994116636,0.693147180559945,2.6
2.68504311083668,-2.98860224889366,"HTA-2","52","1",-0.0441550894109506,-0.214055928905671,6.6335288633799,5.34242994116636,0.693147180559945,2.6
2.32875511474866,-2.92379207873969,"HTA-2","52","1",-0.0441550894109506,-0.214055928905671,6.91026031871614,5.34242994116636,0.693147180559945,2.6
2.33855756284096,-2.94505511560353,"HTA-2","52","1",-0.0441550894109506,-0.214055928905671,6.91026031871614,5.34242994116636,0.693147180559945,2.6
2.14699377894629,-2.86851098881384,"HTA-2","52","1",-0.0441550894109506,-0.214055928905671,7.1303997487871,5.34242994116636,0.693147180559945,2.6
1.76262340745659,-2.75798993200148,"HTA-2","52","1",-0.0441550894109506,-0.214055928905671,7.40209144787831,5.34242994116636,0.693147180559945,2.6
1.32341300827638,-2.71200632391732,"HTA-2","52","1",-0.0441550894109506,-0.214055928905671,7.79030299522076,5.34242994116636,0.693147180559945,2.6
1.23000202755147,-2.6744235600109,"HTA-2","52","1",-0.0441550894109506,-0.214055928905671,7.83670734158903,5.34242994116636,0.693147180559945,2.6
1.25345081437178,-2.70090882164579,"HTA-2","52","1",-0.0441550894109506,-0.214055928905671,7.86191803687332,5.34242994116636,0.693147180559945,2.6
4.10170571368272,-3.29735967577706,"HTA-3","52","1",-0.0510374791578405,-0.220187155960607,5.11618251392632,5.34242994116636,0.693147180559945,0.6
4.14199177197813,-3.31775492956479,"HTA-3","52","1",-0.0510374791578405,-0.220187155960607,5.11618251392632,5.34242994116636,0.693147180559945,0.6
3.58207663805825,-3.24951516312608,"HTA-3","52","1",-0.0510374791578405,-0.220187155960607,5.5844443603899,5.34242994116636,0.693147180559945,0.6
3.53263861136802,-3.19067503155722,"HTA-3","52","1",-0.0510374791578405,-0.220187155960607,5.5844443603899,5.34242994116636,0.693147180559945,0.6
2.8944414570165,-3.10223814938823,"HTA-3","52","1",-0.0510374791578405,-0.220187155960607,6.24830518984318,5.34242994116636,0.693147180559945,0.6
2.79031577486417,-3.07718508159992,"HTA-3","52","1",-0.0510374791578405,-0.220187155960607,6.28165405698097,5.34242994116636,0.693147180559945,0.6
2.71764010196645,-3.02422534735172,"HTA-3","52","1",-0.0510374791578405,-0.220187155960607,6.34452334098181,5.34242994116636,0.693147180559945,0.6
2.33956613064839,-3.01094563484114,"HTA-3","52","1",-0.0510374791578405,-0.220187155960607,6.63638619336008,5.34242994116636,0.693147180559945,0.6
2.34882525157644,-2.991886388738,"HTA-3","52","1",-0.0510374791578405,-0.220187155960607,6.63638619336008,5.34242994116636,0.693147180559945,0.6
2.04949424098802,-2.89881388335183,"HTA-3","52","1",-0.0510374791578405,-0.220187155960607,6.91260917382901,5.34242994116636,0.693147180559945,0.6
2.06073612758286,-2.916578786492,"HTA-3","52","1",-0.0510374791578405,-0.220187155960607,6.91260917382901,5.34242994116636,0.693147180559945,0.6
1.82344880259722,-2.85716972470988,"HTA-3","52","1",-0.0510374791578405,-0.220187155960607,7.13247669895609,5.34242994116636,0.693147180559945,0.6
1.50717140485667,-2.78906751429524,"HTA-3","52","1",-0.0510374791578405,-0.220187155960607,7.40400301515631,5.34242994116636,0.693147180559945,0.6
1.01299714051415,-2.73344414622543,"HTA-3","52","1",-0.0510374791578405,-0.220187155960607,7.78992770904494,5.34242994116636,0.693147180559945,0.6
1.00912728889756,-2.68705998857322,"HTA-3","52","1",-0.0510374791578405,-0.220187155960607,7.83679183642469,5.34242994116636,0.693147180559945,0.6
1.06857385760017,-2.68953383190577,"HTA-3","52","1",-0.0510374791578405,-0.220187155960607,7.86321233533155,5.34242994116636,0.693147180559945,0.6
0.599470292309208,-2.64545262813248,"HTA-3","52","1",-0.0510374791578405,-0.220187155960607,8.17473868572068,5.34242994116636,0.693147180559945,0.6
0.357326972339852,-2.56007658651258,"HTA-3","52","1",-0.0510374791578405,-0.220187155960607,8.43400567124848,5.34242994116636,0.693147180559945,0.6
3.73438326011818,-3.26025125595294,"HTA-4","52","1",-0.00445435034938058,-0.218957899505877,5.04073609229337,5.34242994116636,0.693147180559945,-0.6
3.72384903147706,-3.207889026116,"HTA-4","52","1",-0.00445435034938058,-0.218957899505877,5.04073609229337,5.34242994116636,0.693147180559945,-0.6
3.19024786042354,-3.14953854285035,"HTA-4","52","1",-0.00445435034938058,-0.218957899505877,5.5376498380401,5.34242994116636,0.693147180559945,-0.6
2.41210118686907,-2.95887068619609,"HTA-4","52","1",-0.00445435034938058,-0.218957899505877,6.223076668151,5.34242994116636,0.693147180559945,-0.6
2.36951505585977,-2.94284500718947,"HTA-4","52","1",-0.00445435034938058,-0.218957899505877,6.26055394359263,5.34242994116636,0.693147180559945,-0.6
2.39373908431369,-2.94327461633111,"HTA-4","52","1",-0.00445435034938058,-0.218957899505877,6.27782446370845,5.34242994116636,0.693147180559945,-0.6
1.94663816208221,-2.88283900728242,"HTA-4","52","1",-0.00445435034938058,-0.218957899505877,6.62107538453042,5.34242994116636,0.693147180559945,-0.6
2.00007762038753,-2.88696004859682,"HTA-4","52","1",-0.00445435034938058,-0.218957899505877,6.62107538453042,5.34242994116636,0.693147180559945,-0.6
1.66014268540221,-2.7845303795317,"HTA-4","52","1",-0.00445435034938058,-0.218957899505877,6.89958416348786,5.34242994116636,0.693147180559945,-0.6
1.62927885038617,-2.80647671320187,"HTA-4","52","1",-0.00445435034938058,-0.218957899505877,6.89958416348786,5.34242994116636,0.693147180559945,-0.6
1.39057669313442,-2.77389723753976,"HTA-4","52","1",-0.00445435034938058,-0.218957899505877,7.12053075228768,5.34242994116636,0.693147180559945,-0.6
1.32620473904178,-2.76046616371166,"HTA-4","52","1",-0.00445435034938058,-0.218957899505877,7.12053075228768,5.34242994116636,0.693147180559945,-0.6
1.04646605996311,-2.69076376669102,"HTA-4","52","1",-0.00445435034938058,-0.218957899505877,7.39049017152464,5.34242994116636,0.693147180559945,-0.6
0.637413526560689,-2.62686663619404,"HTA-4","52","1",-0.00445435034938058,-0.218957899505877,7.79113948823854,5.34242994116636,0.693147180559945,-0.6
0.559836135838146,-2.627574022705,"HTA-4","52","1",-0.00445435034938058,-0.218957899505877,7.83755286080087,5.34242994116636,0.693147180559945,-0.6
0.530111076857943,-2.58998973804045,"HTA-4","52","1",-0.00445435034938058,-0.218957899505877,7.85434964098078,5.34242994116636,0.693147180559945,-0.6
0.160498282925279,-2.53855776439844,"HTA-4","52","1",-0.00445435034938058,-0.218957899505877,8.1682294575972,5.34242994116636,0.693147180559945,-0.6
-0.0842722956814826,-2.47796418214864,"HTA-4","52","1",-0.00445435034938058,-0.218957899505877,8.4290092047959,5.34242994116636,0.693147180559945,-0.6
1.67958317597125,-2.99536674675113,"HTA-5","52","1",-0.00522194398115161,-0.218957899505877,6.29468797675279,5.34242994116636,0.693147180559945,-2.2
2.97257029394545,-3.2817931658243,"HTA-5","52","1",-0.00522194398115161,-0.218957899505877,5.16148657233897,5.34242994116636,0.693147180559945,-2.2
2.97051207247722,-3.28774496303453,"HTA-5","52","1",-0.00522194398115161,-0.218957899505877,5.16148657233897,5.34242994116636,0.693147180559945,-2.2
2.36286472163255,-3.18042265871984,"HTA-5","52","1",-0.00522194398115161,-0.218957899505877,5.61239207950653,5.34242994116636,0.693147180559945,-2.2
1.70069100417472,-3.01407838703643,"HTA-5","52","1",-0.00522194398115161,-0.218957899505877,6.26294610727118,5.34242994116636,0.693147180559945,-2.2
1.66286803353574,-3.0075930850693,"HTA-5","52","1",-0.00522194398115161,-0.218957899505877,6.31112924081229,5.34242994116636,0.693147180559945,-2.2
1.3085957563523,-2.95711125977766,"HTA-5","52","1",-0.00522194398115161,-0.218957899505877,6.64566910703529,5.34242994116636,0.693147180559945,-2.2
1.27409113254637,-2.96112962901231,"HTA-5","52","1",-0.00522194398115161,-0.218957899505877,6.64566910703529,5.34242994116636,0.693147180559945,-2.2
0.935754863268987,-2.86395699263192,"HTA-5","52","1",-0.00522194398115161,-0.218957899505877,6.92013111552977,5.34242994116636,0.693147180559945,-2.2
0.949214162266123,-2.88483151884714,"HTA-5","52","1",-0.00522194398115161,-0.218957899505877,6.92013111552977,5.34242994116636,0.693147180559945,-2.2
0.694563249941687,-2.82952299467977,"HTA-5","52","1",-0.00522194398115161,-0.218957899505877,7.13901719745428,5.34242994116636,0.693147180559945,-2.2
0.373703308138489,-2.75521331782421,"HTA-5","52","1",-0.00522194398115161,-0.218957899505877,7.40936032074741,5.34242994116636,0.693147180559945,-2.2
-0.0507800300095904,-2.68169840988839,"HTA-5","52","1",-0.00522194398115161,-0.218957899505877,7.78848307227105,5.34242994116636,0.693147180559945,-2.2
-0.104030444878953,-2.67891160582697,"HTA-5","52","1",-0.00522194398115161,-0.218957899505877,7.83739977051613,5.34242994116636,0.693147180559945,-2.2
-0.0592615525795412,-2.67921702722332,"HTA-5","52","1",-0.00522194398115161,-0.218957899505877,7.86691451495477,5.34242994116636,0.693147180559945,-2.2
-0.540747363705848,-2.57756555679974,"HTA-5","52","1",-0.00522194398115161,-0.218957899505877,8.17754765600773,5.34242994116636,0.693147180559945,-2.2
-0.766054208112447,-2.55853740121495,"HTA-5","52","1",-0.00522194398115161,-0.218957899505877,8.4360962289876,5.34242994116636,0.693147180559945,-2.2
3.00246592646495,-3.63349312049708,"HRIII-3","52","2",0.0134507977241229,-0.195524544120257,5.69459163443863,4.50777783997944,0.693147180559945,2
3.33943067693538,-3.75221312496203,"HRIII-3","52","2",0.0134507977241229,-0.195524544120257,5.44929393905724,4.50777783997944,0.693147180559945,2
3.33185429153224,-3.72325759596886,"HRIII-3","52","2",0.0134507977241229,-0.195524544120257,5.46851786014976,4.50777783997944,0.693147180559945,2
3.30657135459187,-3.70279801802357,"HRIII-3","52","2",0.0134507977241229,-0.195524544120257,5.47403468691691,4.50777783997944,0.693147180559945,2
3.25570502755931,-3.6723614982335,"HRIII-3","52","2",0.0134507977241229,-0.195524544120257,5.54887096767255,4.50777783997944,0.693147180559945,2
3.13848115009018,-3.67516863650045,"HRIII-3","52","2",0.0134507977241229,-0.195524544120257,5.61418513748549,4.50777783997944,0.693147180559945,2
3.0922944892569,-3.68401476976893,"HRIII-3","52","2",0.0134507977241229,-0.195524544120257,5.69434657275302,4.50777783997944,0.693147180559945,2
3.02403209915727,-3.65617439431034,"HRIII-3","52","2",0.0134507977241229,-0.195524544120257,5.7003326114995,4.50777783997944,0.693147180559945,2
2.97661018849661,-3.61996630905343,"HRIII-3","52","2",0.0134507977241229,-0.195524544120257,5.74253439008361,4.50777783997944,0.693147180559945,2
2.98850425367517,-3.66343428555217,"HRIII-3","52","2",0.0134507977241229,-0.195524544120257,5.76756343034305,4.50777783997944,0.693147180559945,2
2.95080164221597,-3.63016589162769,"HRIII-3","52","2",0.0134507977241229,-0.195524544120257,5.79874149337691,4.50777783997944,0.693147180559945,2
2.94244061514471,-3.63757459510651,"HRIII-3","52","2",0.0134507977241229,-0.195524544120257,5.83308992535423,4.50777783997944,0.693147180559945,2
2.83469981108672,-3.59638911041172,"HRIII-3","52","2",0.0134507977241229,-0.195524544120257,5.84597827532137,4.50777783997944,0.693147180559945,2
2.89882967124391,-3.61069293561706,"HRIII-3","52","2",0.0134507977241229,-0.195524544120257,5.84597827532137,4.50777783997944,0.693147180559945,2
2.89049448150243,-3.61231452741335,"HRIII-3","52","2",0.0134507977241229,-0.195524544120257,5.85493375510436,4.50777783997944,0.693147180559945,2
2.8982525003178,-3.63523420199401,"HRIII-3","52","2",0.0134507977241229,-0.195524544120257,5.85493375510436,4.50777783997944,0.693147180559945,2
2.88226727319543,-3.62531408509505,"HRIII-3","52","2",0.0134507977241229,-0.195524544120257,5.85986061591034,4.50777783997944,0.693147180559945,2
2.85384894306989,-3.59973032933903,"HRIII-3","52","2",0.0134507977241229,-0.195524544120257,5.87268582041107,4.50777783997944,0.693147180559945,2
2.83332931422114,-3.61691703088226,"HRIII-3","52","2",0.0134507977241229,-0.195524544120257,5.89048696669767,4.50777783997944,0.693147180559945,2
2.81552906907151,-3.5935232845895,"HRIII-3","52","2",0.0134507977241229,-0.195524544120257,5.90524518875595,4.50777783997944,0.693147180559945,2
2.8379747639549,-3.63031294328311,"HRIII-3","52","2",0.0134507977241229,-0.195524544120257,5.90942355975977,4.50777783997944,0.693147180559945,2
1.77986188482529,-3.42046478007582,"HRIII-3","52","2",0.0134507977241229,-0.195524544120257,6.83333197301718,4.50777783997944,0.693147180559945,2
1.8096998332288,-3.40751271755032,"HRIII-3","52","2",0.0134507977241229,-0.195524544120257,6.8362774305565,4.50777783997944,0.693147180559945,2
1.79902994765213,-3.40955495207338,"HRIII-3","52","2",0.0134507977241229,-0.195524544120257,6.83771766050635,4.50777783997944,0.693147180559945,2
1.78068410442503,-3.41698215414832,"HRIII-3","52","2",0.0134507977241229,-0.195524544120257,6.84705938882687,4.50777783997944,0.693147180559945,2
1.72341231441555,-3.36695679304648,"HRIII-3","52","2",0.0134507977241229,-0.195524544120257,6.85228386014553,4.50777783997944,0.693147180559945,2
1.71950716599396,-3.39203432081484,"HRIII-3","52","2",0.0134507977241229,-0.195524544120257,6.86496994712209,4.50777783997944,0.693147180559945,2
1.73149312241538,-3.38634624947124,"HRIII-3","52","2",0.0134507977241229,-0.195524544120257,6.87069473236039,4.50777783997944,0.693147180559945,2
1.6813888008848,-3.40549164811711,"HRIII-3","52","2",0.0134507977241229,-0.195524544120257,6.89176897140396,4.50777783997944,0.693147180559945,2
1.65535313279484,-3.39824985946923,"HRIII-3","52","2",0.0134507977241229,-0.195524544120257,6.90153289855827,4.50777783997944,0.693147180559945,2
1.64041455030684,-3.37662522751099,"HRIII-3","52","2",0.0134507977241229,-0.195524544120257,6.9157657561999,4.50777783997944,0.693147180559945,2
1.68006118827127,-3.39551708317373,"HRIII-3","52","2",0.0134507977241229,-0.195524544120257,6.9225974107813,4.50777783997944,0.693147180559945,2
1.71466741022704,-3.39820994731792,"HRIII-3","52","2",0.0134507977241229,-0.195524544120257,6.94024158622064,4.50777783997944,0.693147180559945,2
1.63465442943591,-3.38145603169394,"HRIII-3","52","2",0.0134507977241229,-0.195524544120257,6.94190378151158,4.50777783997944,0.693147180559945,2
1.62513652557536,-3.38062664946206,"HRIII-3","52","2",0.0134507977241229,-0.195524544120257,6.95208187667791,4.50777783997944,0.693147180559945,2
1.63488377848098,-3.36861058709876,"HRIII-3","52","2",0.0134507977241229,-0.195524544120257,6.95589315316659,4.50777783997944,0.693147180559945,2
1.6515942742197,-3.34321132356204,"HRIII-3","52","2",0.0134507977241229,-0.195524544120257,6.96517449469223,4.50777783997944,0.693147180559945,2
1.61724965158386,-3.37392295922938,"HRIII-3","52","2",0.0134507977241229,-0.195524544120257,6.96562732266294,4.50777783997944,0.693147180559945,2
1.64471060308726,-3.37934102945503,"HRIII-3","52","2",0.0134507977241229,-0.195524544120257,6.96677658783239,4.50777783997944,0.693147180559945,2
1.445915942042,-3.32890199939296,"HRIII-3","52","2",0.0134507977241229,-0.195524544120257,7.12104855053934,4.50777783997944,0.693147180559945,2
1.19891048434061,-3.23314243065188,"HRIII-3","52","2",0.0134507977241229,-0.195524544120257,7.35775186730005,4.50777783997944,0.693147180559945,2
1.1773333195448,-3.30875031311784,"HRIII-3","52","2",0.0134507977241229,-0.195524544120257,7.35775186730005,4.50777783997944,0.693147180559945,2
0.655648549288846,-3.16993200085714,"HRIII-3","52","2",0.0134507977241229,-0.195524544120257,7.82155779043288,4.50777783997944,0.693147180559945,2
0.0357983678584283,-3.03789528587744,"HRIII-3","52","2",0.0134507977241229,-0.195524544120257,8.32924404567146,4.50777783997944,0.693147180559945,2
0.0293818292889773,-3.06857805296485,"HRIII-3","52","2",0.0134507977241229,-0.195524544120257,8.33963476193353,4.50777783997944,0.693147180559945,2
0.0484993965167836,-3.05421568984445,"HRIII-3","52","2",0.0134507977241229,-0.195524544120257,8.33963476193353,4.50777783997944,0.693147180559945,2
-0.971049150799723,-2.99497667078436,"HRIII-4","52","2",-0.00208550649102168,-0.188588376632394,5.44772616828343,4.50777783997944,0.693147180559945,-7
-0.981855938980355,-3.01398941215989,"HRIII-4","52","2",-0.00208550649102168,-0.188588376632394,5.47547890248187,4.50777783997944,0.693147180559945,-7
-0.978022636755243,-3.00789276436933,"HRIII-4","52","2",-0.00208550649102168,-0.188588376632394,5.52255965273917,4.50777783997944,0.693147180559945,-7
-1.0312433673048,-3.02005228088949,"HRIII-4","52","2",-0.00208550649102168,-0.188588376632394,5.54887096767255,4.50777783997944,0.693147180559945,-7
-1.09269911682176,-2.98493686381132,"HRIII-4","52","2",-0.00208550649102168,-0.188588376632394,5.61418513748549,4.50777783997944,0.693147180559945,-7
-1.19264596487582,-2.97579851798592,"HRIII-4","52","2",-0.00208550649102168,-0.188588376632394,5.69731127032424,4.50777783997944,0.693147180559945,-7
-1.23720576741738,-2.9555441134696,"HRIII-4","52","2",-0.00208550649102168,-0.188588376632394,5.77164622442239,4.50777783997944,0.693147180559945,-7
-1.36577181115113,-2.96204261346287,"HRIII-4","52","2",-0.00208550649102168,-0.188588376632394,5.82999354545964,4.50777783997944,0.693147180559945,-7
-1.39151541694182,-2.9664609556014,"HRIII-4","52","2",-0.00208550649102168,-0.188588376632394,5.86138872180101,4.50777783997944,0.693147180559945,-7
-1.42110339482496,-2.94199847091415,"HRIII-4","52","2",-0.00208550649102168,-0.188588376632394,5.8945645856274,4.50777783997944,0.693147180559945,-7
-2.55160257628241,-2.71457259265878,"HRIII-4","52","2",-0.00208550649102168,-0.188588376632394,6.83771766050635,4.50777783997944,0.693147180559945,-7
-2.60669998754187,-2.65568983317064,"HRIII-4","52","2",-0.00208550649102168,-0.188588376632394,6.87069473236039,4.50777783997944,0.693147180559945,-7
-2.60857940100007,-2.67368218421908,"HRIII-4","52","2",-0.00208550649102168,-0.188588376632394,6.89176897140396,4.50777783997944,0.693147180559945,-7
-2.5879320808886,-2.69302987357873,"HRIII-4","52","2",-0.00208550649102168,-0.188588376632394,6.90153289855827,4.50777783997944,0.693147180559945,-7
2.83351778847686,-0.975982513769161,"HRR-5","52","2",0.0557106070140057,-0.164916541753817,9.48322471702322,10.7207077232258,0.693147180559945,0.5
2.57336511610864,-0.942078954848859,"HRR-5","52","2",0.0557106070140057,-0.164916541753817,9.73419587852125,10.7207077232258,0.693147180559945,0.5
2.40635624350563,-0.891012915880999,"HRR-5","52","2",0.0557106070140057,-0.164916541753817,9.83034324693947,10.7207077232258,0.693147180559945,0.5
2.0442904966831,-0.849768133126605,"HRR-5","52","2",0.0557106070140057,-0.164916541753817,10.1652766523299,10.7207077232258,0.693147180559945,0.5
1.99618027908972,-0.857398661137547,"HRR-5","52","2",0.0557106070140057,-0.164916541753817,10.1857162773027,10.7207077232258,0.693147180559945,0.5
6.04139359504433,-1.62091150980594,"HRR-5","52","2",0.0557106070140057,-0.164916541753817,6.64967129773921,10.7207077232258,0.693147180559945,0.5
5.51617968778472,-1.51778469071023,"HRR-5","52","2",0.0557106070140057,-0.164916541753817,7.05420559133453,10.7207077232258,0.693147180559945,0.5
5.49566843308037,-1.53549213183484,"HRR-5","52","2",0.0557106070140057,-0.164916541753817,7.08966850456337,10.7207077232258,0.693147180559945,0.5
5.19257520473633,-1.43672577053096,"HRR-5","52","2",0.0557106070140057,-0.164916541753817,7.35180489824822,10.7207077232258,0.693147180559945,0.5
4.42407486520617,-1.31233562257335,"HRR-5","52","2",0.0557106070140057,-0.164916541753817,8.10783987753981,10.7207077232258,0.693147180559945,0.5
4.36810991670162,-1.33653906938714,"HRR-5","52","2",0.0557106070140057,-0.164916541753817,8.10783987753981,10.7207077232258,0.693147180559945,0.5
3.92174070067485,-1.24885645249733,"HRR-5","52","2",0.0557106070140057,-0.164916541753817,8.49495373465387,10.7207077232258,0.693147180559945,0.5
4.02445794333381,-1.22684751769693,"HRR-5","52","2",0.0557106070140057,-0.164916541753817,8.49495373465387,10.7207077232258,0.693147180559945,0.5
3.75663336289793,-1.19063778437146,"HRR-5","52","2",0.0557106070140057,-0.164916541753817,8.65491982597664,10.7207077232258,0.693147180559945,0.5
3.74667404455335,-1.16490618450045,"HRR-5","52","2",0.0557106070140057,-0.164916541753817,8.65491982597664,10.7207077232258,0.693147180559945,0.5
3.38685116414441,-1.12710861488075,"HRR-5","52","2",0.0557106070140057,-0.164916541753817,8.90319572757988,10.7207077232258,0.693147180559945,0.5
3.496566348907,-1.12811852221763,"HRR-5","52","2",0.0557106070140057,-0.164916541753817,8.90319572757988,10.7207077232258,0.693147180559945,0.5
3.21971069855147,-1.0976181559266,"HRR-5","52","2",0.0557106070140057,-0.164916541753817,9.07693860711177,10.7207077232258,0.693147180559945,0.5
3.112510240782,-1.04049753080845,"HRR-5","52","2",0.0557106070140057,-0.164916541753817,9.2276365135632,10.7207077232258,0.693147180559945,0.5
3.08718464476198,-1.07036709868071,"HRR-5","52","2",0.0557106070140057,-0.164916541753817,9.2276365135632,10.7207077232258,0.693147180559945,0.5
3.10727842996983,-1.0526951183364,"HRR-5","52","2",0.0557106070140057,-0.164916541753817,9.2276365135632,10.7207077232258,0.693147180559945,0.5
2.93403388518962,-1.01966104624446,"HRR-5","52","2",0.0557106070140057,-0.164916541753817,9.32823526330803,10.7207077232258,0.693147180559945,0.5
2.92614175556768,-1.01631272745085,"HRR-5","52","2",0.0557106070140057,-0.164916541753817,9.32892373082691,10.7207077232258,0.693147180559945,0.5
3.03790359845265,-1.02804912906496,"HRR-5","52","2",0.0557106070140057,-0.164916541753817,9.32892373082691,10.7207077232258,0.693147180559945,0.5
2.99039560796313,-1.01545046778122,"HRR-5","52","2",0.0557106070140057,-0.164916541753817,9.34294599790561,10.7207077232258,0.693147180559945,0.5
2.93467730252783,-1.05383849705287,"HRR-5","52","2",0.0557106070140057,-0.164916541753817,9.34294599790561,10.7207077232258,0.693147180559945,0.5
2.90000592083871,-1.02397013499828,"HRR-5","52","2",0.0557106070140057,-0.164916541753817,9.38921903399233,10.7207077232258,0.693147180559945,0.5
2.7933220953637,-0.988791764364008,"HRR-5","52","2",0.0557106070140057,-0.164916541753817,9.49007839867359,10.7207077232258,0.693147180559945,0.5
2.75860062867655,-0.937451121594581,"HRR-5","52","2",0.0557106070140057,-0.164916541753817,9.50179226287818,10.7207077232258,0.693147180559945,0.5
2.79615687618244,-0.982145855209532,"HRR-5","52","2",0.0557106070140057,-0.164916541753817,9.50179226287818,10.7207077232258,0.693147180559945,0.5
2.65590095213151,-0.939039406550372,"HRR-5","52","2",0.0557106070140057,-0.164916541753817,9.61140405721474,10.7207077232258,0.693147180559945,0.5
2.61680144990574,-0.965574379401703,"HRR-5","52","2",0.0557106070140057,-0.164916541753817,9.65028647992369,10.7207077232258,0.693147180559945,0.5
2.54482415848618,-0.960920526044398,"HRR-5","52","2",0.0557106070140057,-0.164916541753817,9.66402074908387,10.7207077232258,0.693147180559945,0.5
2.54887793577764,-0.944100000426532,"HRR-5","52","2",0.0557106070140057,-0.164916541753817,9.7251464348482,10.7207077232258,0.693147180559945,0.5
2.27223588066909,-0.881999724452295,"HRR-5","52","2",0.0557106070140057,-0.164916541753817,9.92573704173688,10.7207077232258,0.693147180559945,0.5
2.20116609744491,-0.865017783765644,"HRR-5","52","2",0.0557106070140057,-0.164916541753817,9.95535304676207,10.7207077232258,0.693147180559945,0.5
2.2521036935832,-0.86438848647656,"HRR-5","52","2",0.0557106070140057,-0.164916541753817,10.0155586004491,10.7207077232258,0.693147180559945,0.5
2.18884226309992,-0.872565788131596,"HRR-5","52","2",0.0557106070140057,-0.164916541753817,10.0209043640275,10.7207077232258,0.693147180559945,0.5
2.09745530862934,-0.855885206049921,"HRR-5","52","2",0.0557106070140057,-0.164916541753817,10.023588413343,10.7207077232258,0.693147180559945,0.5
2.18191455669141,-0.864813112760257,"HRR-5","52","2",0.0557106070140057,-0.164916541753817,10.030550439127,10.7207077232258,0.693147180559945,0.5
2.1345089322903,-0.866601439308765,"HRR-5","52","2",0.0557106070140057,-0.164916541753817,10.0317527708902,10.7207077232258,0.693147180559945,0.5
2.23355689063287,-0.880602258140068,"HRR-5","52","2",0.0557106070140057,-0.164916541753817,10.0337955686613,10.7207077232258,0.693147180559945,0.5
2.15807877570249,-0.865585244273841,"HRR-5","52","2",0.0557106070140057,-0.164916541753817,10.0546432452144,10.7207077232258,0.693147180559945,0.5
2.15252149778454,-0.879178859072571,"HRR-5","52","2",0.0557106070140057,-0.164916541753817,10.0722937091973,10.7207077232258,0.693147180559945,0.5
2.11262833341978,-0.869677870281459,"HRR-5","52","2",0.0557106070140057,-0.164916541753817,10.0773663792476,10.7207077232258,0.693147180559945,0.5
2.11096106716817,-0.84489491827507,"HRR-5","52","2",0.0557106070140057,-0.164916541753817,10.0903959656462,10.7207077232258,0.693147180559945,0.5
2.12290208779609,-0.818563577545761,"HRR-5","52","2",0.0557106070140057,-0.164916541753817,10.0938413248801,10.7207077232258,0.693147180559945,0.5
2.06382865424796,-0.857515646454054,"HRR-5","52","2",0.0557106070140057,-0.164916541753817,10.1123724196459,10.7207077232258,0.693147180559945,0.5
2.0762222620895,-0.847240547041429,"HRR-5","52","2",0.0557106070140057,-0.164916541753817,10.1130927590198,10.7207077232258,0.693147180559945,0.5
2.11755587423486,-0.840871336468232,"HRR-5","52","2",0.0557106070140057,-0.164916541753817,10.1200340251228,10.7207077232258,0.693147180559945,0.5
2.04709752640425,-0.842214550313334,"HRR-5","52","2",0.0557106070140057,-0.164916541753817,10.1474325776598,10.7207077232258,0.693147180559945,0.5
1.99590645670852,-0.857064330547508,"HRR-5","52","2",0.0557106070140057,-0.164916541753817,10.1534962942773,10.7207077232258,0.693147180559945,0.5
2.01209127241179,-0.838645307192323,"HRR-5","52","2",0.0557106070140057,-0.164916541753817,10.207990099885,10.7207077232258,0.693147180559945,0.5
1.92980623484532,-0.821337360652062,"HRR-5","52","2",0.0557106070140057,-0.164916541753817,10.2423979542281,10.7207077232258,0.693147180559945,0.5
1.84173162561493,-0.802119617156087,"HRR-5","52","2",0.0557106070140057,-0.164916541753817,10.3071421866268,10.7207077232258,0.693147180559945,0.5
1.78831407114633,-0.796962489070134,"HRR-5","52","2",0.0557106070140057,-0.164916541753817,10.3680700149986,10.7207077232258,0.693147180559945,0.5
4.88406848222912,-2.02622744480143,"SAY-1","SAY","2",0.00692044284457349,-0.218957899505877,6.74012872593543,9.02641753381525,0.693147180559945,2
4.16488332119395,-1.87912393730434,"SAY-1","SAY","2",0.00692044284457349,-0.218957899505877,7.3362763019047,9.02641753381525,0.693147180559945,2
3.68847221020497,-1.78709772836563,"SAY-1","SAY","2",0.00692044284457349,-0.218957899505877,7.80918425054627,9.02641753381525,0.693147180559945,2
2.97015723395479,-1.64992911096303,"SAY-1","SAY","2",0.00692044284457349,-0.218957899505877,8.37010485684448,9.02641753381525,0.693147180559945,2
2.94086423389078,-1.64685004660349,"SAY-1","SAY","2",0.00692044284457349,-0.218957899505877,8.37730395388536,9.02641753381525,0.693147180559945,2
5.58272904044418,-1.19884784747881,"SAY-3","SAY","2",0.00692044284457349,-0.218957899505877,7.58734402533205,11.3238613078501,0.693147180559945,2
5.38191192606716,-1.15614680806773,"SAY-3","SAY","2",0.00692044284457349,-0.218957899505877,7.7246627387782,11.3238613078501,0.693147180559945,2
5.11930538294523,-1.12069961173477,"SAY-3","SAY","2",0.00692044284457349,-0.218957899505877,8.00752318175996,11.3238613078501,0.693147180559945,2
4.76146444001993,-1.06077190965595,"SAY-3","SAY","2",0.00692044284457349,-0.218957899505877,8.28180966825696,11.3238613078501,0.693147180559945,2
4.55612899615658,-1.00990575739152,"SAY-3","SAY","2",0.00692044284457349,-0.218957899505877,8.50085431497124,11.3238613078501,0.693147180559945,2
4.34548742539315,-0.955930670985578,"SAY-3","SAY","2",0.00692044284457349,-0.218957899505877,8.69494012154702,11.3238613078501,0.693147180559945,2
0.671939196178128,-2.76910805702666,"HTP-1","HTP","3",0.00692044284457349,-0.218957899505877,7.85143722715075,5.16632764208508,0.693147180559945,0.27
3.98818236246177,-3.39560958139942,"HTP-1","HTP","3",0.00692044284457349,-0.218957899505877,4.96630550703525,5.16632764208508,0.693147180559945,0.27
3.65906335562512,-3.34554665250284,"HTP-1","HTP","3",0.00692044284457349,-0.218957899505877,5.24280578533267,5.16632764208508,0.693147180559945,0.27
3.54461192012954,-3.32925980124863,"HTP-1","HTP","3",0.00692044284457349,-0.218957899505877,5.33068074663497,5.16632764208508,0.693147180559945,0.27
3.06946105505199,-3.25003385144272,"HTP-1","HTP","3",0.00692044284457349,-0.218957899505877,5.71402548980038,5.16632764208508,0.693147180559945,0.27
2.57971746296519,-3.14669796522191,"HTP-1","HTP","3",0.00692044284457349,-0.218957899505877,6.1620546031972,5.16632764208508,0.693147180559945,0.27
1.39301732243194,-2.90455135034961,"HTP-1","HTP","3",0.00692044284457349,-0.218957899505877,7.22383055474566,5.16632764208508,0.693147180559945,0.27
1.30475690238786,-2.88747885079191,"HTP-1","HTP","3",0.00692044284457349,-0.218957899505877,7.3030571491334,5.16632764208508,0.693147180559945,0.27
1.22473189833147,-2.8767133596492,"HTP-1","HTP","3",0.00692044284457349,-0.218957899505877,7.39044260751551,5.16632764208508,0.693147180559945,0.27
0.869723032227378,-2.81052565018331,"HTP-1","HTP","3",0.00692044284457349,-0.218957899505877,7.66124770548403,5.16632764208508,0.693147180559945,0.27
0.754094533860436,-2.81393623239689,"HTP-1","HTP","3",0.00692044284457349,-0.218957899505877,7.75447014766068,5.16632764208508,0.693147180559945,0.27
0.424419198669324,-2.70938591362384,"HTP-1","HTP","3",0.00692044284457349,-0.218957899505877,8.07044371840123,5.16632764208508,0.693147180559945,0.27
0.132684261935071,-2.63467213319233,"HTP-1","HTP","3",0.00692044284457349,-0.218957899505877,8.330655317761,5.16632764208508,0.693147180559945,0.27
-0.0668303728277179,-2.59465431844759,"HTP-1","HTP","3",0.00692044284457349,-0.218957899505877,8.51378537651184,5.16632764208508,0.693147180559945,0.27
0.710188979079518,-2.78075166908348,"HTP-2","HTP","3",0.00692044284457349,-0.218957899505877,7.85143722715075,5.16632764208508,0.693147180559945,0.27
4.01409930314872,-3.49153995925971,"HTP-2","HTP","3",0.00692044284457349,-0.218957899505877,4.96630550703525,5.16632764208508,0.693147180559945,0.27
3.74137490018895,-3.42821782707722,"HTP-2","HTP","3",0.00692044284457349,-0.218957899505877,5.24280578533267,5.16632764208508,0.693147180559945,0.27
3.59227071353487,-3.39065685171233,"HTP-2","HTP","3",0.00692044284457349,-0.218957899505877,5.33068074663497,5.16632764208508,0.693147180559945,0.27
2.64698940390381,-3.18311797322012,"HTP-2","HTP","3",0.00692044284457349,-0.218957899505877,6.1620546031972,5.16632764208508,0.693147180559945,0.27
1.46820798866414,-2.9781713660944,"HTP-2","HTP","3",0.00692044284457349,-0.218957899505877,7.22383055474566,5.16632764208508,0.693147180559945,0.27
1.36812715929922,-2.98061277674654,"HTP-2","HTP","3",0.00692044284457349,-0.218957899505877,7.3030571491334,5.16632764208508,0.693147180559945,0.27
1.29020098139893,-2.94997465247612,"HTP-2","HTP","3",0.00692044284457349,-0.218957899505877,7.39044260751551,5.16632764208508,0.693147180559945,0.27
0.98413771352488,-2.88172748745623,"HTP-2","HTP","3",0.00692044284457349,-0.218957899505877,7.66124770548403,5.16632764208508,0.693147180559945,0.27
0.87675110207628,-2.8633388786479,"HTP-2","HTP","3",0.00692044284457349,-0.218957899505877,7.75447014766068,5.16632764208508,0.693147180559945,0.27
0.580845332882867,-2.78785741970735,"HTP-2","HTP","3",0.00692044284457349,-0.218957899505877,8.0078786722013,5.16632764208508,0.693147180559945,0.27
0.537571611163847,-2.76866481070806,"HTP-2","HTP","3",0.00692044284457349,-0.218957899505877,8.07044371840123,5.16632764208508,0.693147180559945,0.27
0.399373624242428,-2.75664178258817,"HTP-2","HTP","3",0.00692044284457349,-0.218957899505877,8.09651256113736,5.16632764208508,0.693147180559945,0.27
0.228141649795032,-2.72389558872034,"HTP-2","HTP","3",0.00692044284457349,-0.218957899505877,8.330655317761,5.16632764208508,0.693147180559945,0.27
0.0810074935709856,-2.70426573762478,"HTP-2","HTP","3",0.00692044284457349,-0.218957899505877,8.45419559423627,5.16632764208508,0.693147180559945,0.27
-0.0033372328184538,-2.67722188541959,"HTP-2","HTP","3",0.00692044284457349,-0.218957899505877,8.51378537651184,5.16632764208508,0.693147180559945,0.27
-0.0187045616155723,-2.63194627620031,"HTP-2","HTP","3",0.00692044284457349,-0.218957899505877,8.54011253346062,5.16632764208508,0.693147180559945,0.27
4.39648269971527,-3.63332553853522,"HTP-3","HTP","3",0.00692044284457349,-0.218957899505877,4.87536991871764,5.16632764208508,0.693147180559945,2.13
2.71566639726225,-3.34521296576375,"HTP-3","HTP","3",0.00692044284457349,-0.218957899505877,6.32624893147515,5.16632764208508,0.693147180559945,2.13
1.65940695601615,-3.06766251003412,"HTP-3","HTP","3",0.00692044284457349,-0.218957899505877,7.28493620102037,5.16632764208508,0.693147180559945,2.13
1.55714301058498,-3.09128488211278,"HTP-3","HTP","3",0.00692044284457349,-0.218957899505877,7.3086922413525,5.16632764208508,0.693147180559945,2.13
1.51951861855883,-3.03771148020789,"HTP-3","HTP","3",0.00692044284457349,-0.218957899505877,7.37487961100886,5.16632764208508,0.693147180559945,2.13
1.2958397688266,-3.05961868274372,"HTP-3","HTP","3",0.00692044284457349,-0.218957899505877,7.59959201678196,5.16632764208508,0.693147180559945,2.13
1.07940863668036,-3.00786382772834,"HTP-3","HTP","3",0.00692044284457349,-0.218957899505877,7.79230011817205,5.16632764208508,0.693147180559945,2.13
1.02117610444054,-2.97758992923787,"HTP-3","HTP","3",0.00692044284457349,-0.218957899505877,7.80070655719378,5.16632764208508,0.693147180559945,2.13
0.868853073425803,-2.93469457345126,"HTP-3","HTP","3",0.00692044284457349,-0.218957899505877,7.96475456869674,5.16632764208508,0.693147180559945,2.13
0.768164616751419,-2.89781360879888,"HTP-3","HTP","3",0.00692044284457349,-0.218957899505877,8.06400455763643,5.16632764208508,0.693147180559945,2.13
0.701609585108761,-2.91136367343352,"HTP-3","HTP","3",0.00692044284457349,-0.218957899505877,8.06400455763643,5.16632764208508,0.693147180559945,2.13
0.728112886957568,-2.91006411033393,"HTP-3","HTP","3",0.00692044284457349,-0.218957899505877,8.08486294773709,5.16632764208508,0.693147180559945,2.13
0.471276557966999,-2.86628474494505,"HTP-3","HTP","3",0.00692044284457349,-0.218957899505877,8.29991651333774,5.16632764208508,0.693147180559945,2.13
0.331674360205479,-2.83301626086234,"HTP-3","HTP","3",0.00692044284457349,-0.218957899505877,8.43237244548071,5.16632764208508,0.693147180559945,2.13
0.26445897328217,-2.78963021840974,"HTP-3","HTP","3",0.00692044284457349,-0.218957899505877,8.515205989674,5.16632764208508,0.693147180559945,2.13
0.186182366792626,-2.79687406739033,"HTP-3","HTP","3",0.00692044284457349,-0.218957899505877,8.52652415510874,5.16632764208508,0.693147180559945,2.13
4.10295007746136,-3.42444912193252,"HTP-4","HTP","3",0.00692044284457349,-0.218957899505877,4.87536991871764,5.16632764208508,0.693147180559945,0.27
2.94660417694503,-3.19796055600675,"HTP-4","HTP","3",0.00692044284457349,-0.218957899505877,5.89074940451951,5.16632764208508,0.693147180559945,0.27
2.44237618352267,-3.09752896736345,"HTP-4","HTP","3",0.00692044284457349,-0.218957899505877,6.32624893147515,5.16632764208508,0.693147180559945,0.27
1.30861468641883,-2.87380371146235,"HTP-4","HTP","3",0.00692044284457349,-0.218957899505877,7.28493620102037,5.16632764208508,0.693147180559945,0.27
1.34461243856557,-2.87494704502975,"HTP-4","HTP","3",0.00692044284457349,-0.218957899505877,7.3086922413525,5.16632764208508,0.693147180559945,0.27
1.26768242478652,-2.84062599663353,"HTP-4","HTP","3",0.00692044284457349,-0.218957899505877,7.37487961100886,5.16632764208508,0.693147180559945,0.27
1.00792703209624,-2.79108884269461,"HTP-4","HTP","3",0.00692044284457349,-0.218957899505877,7.59959201678196,5.16632764208508,0.693147180559945,0.27
0.8189455214033,-2.76713429781411,"HTP-4","HTP","3",0.00692044284457349,-0.218957899505877,7.79230011817205,5.16632764208508,0.693147180559945,0.27
0.780119824341411,-2.73632428236392,"HTP-4","HTP","3",0.00692044284457349,-0.218957899505877,7.80070655719378,5.16632764208508,0.693147180559945,0.27
0.616416524509512,-2.73799951729951,"HTP-4","HTP","3",0.00692044284457349,-0.218957899505877,7.96475456869674,5.16632764208508,0.693147180559945,0.27
0.525441826925222,-2.69332040482016,"HTP-4","HTP","3",0.00692044284457349,-0.218957899505877,8.06400455763643,5.16632764208508,0.693147180559945,0.27
0.246212783112366,-2.62728218051163,"HTP-4","HTP","3",0.00692044284457349,-0.218957899505877,8.29991651333774,5.16632764208508,0.693147180559945,0.27
0.0420482632033862,-2.56421498921811,"HTP-4","HTP","3",0.00692044284457349,-0.218957899505877,8.43237244548071,5.16632764208508,0.693147180559945,0.27
-0.0587539165133108,-2.57828601018428,"HTP-4","HTP","3",0.00692044284457349,-0.218957899505877,8.52652415510874,5.16632764208508,0.693147180559945,0.27
4.02509977808432,-3.35088761719365,"HTP-5","HTP","3",0.00692044284457349,-0.218957899505877,4.87536991871764,5.16632764208508,0.693147180559945,-0.27
2.89504050090917,-3.13929530333418,"HTP-5","HTP","3",0.00692044284457349,-0.218957899505877,5.89074940451951,5.16632764208508,0.693147180559945,-0.27
2.40251834263395,-3.00580749114271,"HTP-5","HTP","3",0.00692044284457349,-0.218957899505877,6.32624893147515,5.16632764208508,0.693147180559945,-0.27
1.31716064915185,-2.79245303253408,"HTP-5","HTP","3",0.00692044284457349,-0.218957899505877,7.28493620102037,5.16632764208508,0.693147180559945,-0.27
1.32512796636772,-2.79855864590045,"HTP-5","HTP","3",0.00692044284457349,-0.218957899505877,7.3086922413525,5.16632764208508,0.693147180559945,-0.27
1.19508457762509,-2.7873418491675,"HTP-5","HTP","3",0.00692044284457349,-0.218957899505877,7.37487961100886,5.16632764208508,0.693147180559945,-0.27
0.984207316806574,-2.72943018661049,"HTP-5","HTP","3",0.00692044284457349,-0.218957899505877,7.59959201678196,5.16632764208508,0.693147180559945,-0.27
0.761642145856933,-2.68543094479115,"HTP-5","HTP","3",0.00692044284457349,-0.218957899505877,7.79230011817205,5.16632764208508,0.693147180559945,-0.27
0.70247925600428,-2.7050603544632,"HTP-5","HTP","3",0.00692044284457349,-0.218957899505877,7.80070655719378,5.16632764208508,0.693147180559945,-0.27
0.518082441056998,-2.65294558391635,"HTP-5","HTP","3",0.00692044284457349,-0.218957899505877,7.96475456869674,5.16632764208508,0.693147180559945,-0.27
0.385056054135166,-2.61649664174879,"HTP-5","HTP","3",0.00692044284457349,-0.218957899505877,8.06400455763643,5.16632764208508,0.693147180559945,-0.27
0.412072522339169,-2.62868461235494,"HTP-5","HTP","3",0.00692044284457349,-0.218957899505877,8.08486294773709,5.16632764208508,0.693147180559945,-0.27
0.188016486637416,-2.61366710055056,"HTP-5","HTP","3",0.00692044284457349,-0.218957899505877,8.29991651333774,5.16632764208508,0.693147180559945,-0.27
-0.0193819503480527,-2.50946995578379,"HTP-5","HTP","3",0.00692044284457349,-0.218957899505877,8.43237244548071,5.16632764208508,0.693147180559945,-0.27
-0.0561890873229746,-2.52605168573344,"HTP-5","HTP","3",0.00692044284457349,-0.218957899505877,8.515205989674,5.16632764208508,0.693147180559945,-0.27
-0.0713536816505357,-2.49872871981201,"HTP-5","HTP","3",0.00692044284457349,-0.218957899505877,8.52652415510874,5.16632764208508,0.693147180559945,-0.27
-0.0172830420642827,-2.53494264117584,"HTP-6","HTP","3",0.00692044284457349,-0.218957899505877,8.06400455763643,5.16632764208508,0.693147180559945,-2.14
0.48498774715587,-2.75324957707685,"HTP-7","HTP","3",0.00692044284457349,-0.218957899505877,7.59132605783689,5.16632764208508,0.693147180559945,-2.14
0.183114447674915,-2.70408584417516,"HTP-7","HTP","3",0.00692044284457349,-0.218957899505877,7.79407423078429,5.16632764208508,0.693147180559945,-2.14
0.0318614506817562,-2.65691180996723,"HTP-7","HTP","3",0.00692044284457349,-0.218957899505877,7.95874116942334,5.16632764208508,0.693147180559945,-2.14
-0.370602288792467,-2.55607598240229,"HTP-7","HTP","3",0.00692044284457349,-0.218957899505877,8.29499788163465,5.16632764208508,0.693147180559945,-2.14
-0.533952554677042,-2.5396007369512,"HTP-7","HTP","3",0.00692044284457349,-0.218957899505877,8.42543682017526,5.16632764208508,0.693147180559945,-2.14
-0.630886726316193,-2.52072685386372,"HTP-7","HTP","3",0.00692044284457349,-0.218957899505877,8.51131806506816,5.16632764208508,0.693147180559945,-2.14
-1.19359158284426,-2.35991212757454,"HTP-8","HTP","3",0.00692044284457349,-0.218957899505877,7.29834510717389,5.16632764208508,0.693147180559945,-8.57
-1.95346128474919,-2.21454122456096,"HTP-8","HTP","3",0.00692044284457349,-0.218957899505877,8.05301087516139,5.16632764208508,0.693147180559945,-8.57
-2.25248713758293,-2.16227382437112,"HTP-8","HTP","3",0.00692044284457349,-0.218957899505877,8.29499788163465,5.16632764208508,0.693147180559945,-8.57
-2.4700760375822,-2.13690473812488,"HTP-8","HTP","3",0.00692044284457349,-0.218957899505877,8.51131806506816,5.16632764208508,0.693147180559945,-8.57
1.92074986161151,-2.95599654620676,"HTP-9","HTP","3",0.00692044284457349,-0.218957899505877,5.77962124754111,5.16632764208508,0.693147180559945,-4.61
-0.85438309240225,-2.4144510617897,"HTP-9","HTP","3",0.00692044284457349,-0.218957899505877,8.17895150599205,5.16632764208508,0.693147180559945,-4.61
