"Y1","Y2","Source","Path","Type","lRange","W","HOB"
-15.6671697695936,-9.62528877577266,"HRI-1","Path_1","1",6.93244358659707,6.29114312290018,5
-15.6653808896582,-9.55352697878269,"HRI-1","Path_1","1",6.93244358659707,6.29114312290018,5
-16.412452123987,-10.5911673912479,"HRI-1","Path_2","1",7.56950527889427,6.29114312290018,5
-16.4684308250506,-10.5537147692197,"HRI-1","Path_2","1",7.56950527889427,6.29114312290018,5
-16.751933480024,-10.9308252751863,"HRI-1","Path_2","1",7.79976185682824,6.29114312290018,5
-17.4832095001743,-11.7392147538396,"HRI-1","Path_2","1",8.37148127455066,6.29114312290018,5
-17.5073623943172,-11.7109294802805,"HRI-1","Path_2","1",8.37148127455066,6.29114312290018,5
-15.4178031066508,-9.56834224668973,"HRI-2","Path_1","1",6.92972079035401,6.29114312290018,3
-15.4423935955971,-9.55282783500774,"HRI-2","Path_1","1",6.92972079035401,6.29114312290018,3
-16.2563942850867,-10.4584541475622,"HRI-2","Path_1","1",7.56797514775877,6.29114312290018,3
-16.3368149067445,-10.56578908932,"HRI-2","Path_1","1",7.56797514775877,6.29114312290018,3
-16.5846087286482,-10.8989136870458,"HRI-2","Path_2","1",7.80239334993817,6.29114312290018,3
-16.6427053483504,-10.9743889955822,"HRI-2","Path_2","1",7.80239334993817,6.29114312290018,3
-17.116395513437,-11.4840819242826,"HRI-2","Path_2","1",8.23875307695665,6.29114312290018,3
-17.3238655879191,-11.5988670136821,"HRI-2","Path_3","1",8.37276807357157,6.29114312290018,3
-17.3199118675428,-11.6574312387209,"HRI-2","Path_3","1",8.37276807357157,6.29114312290018,3
-17.790886003713,-12.0249779291609,"HRI-2","Path_3","1",8.73752827568384,6.29114312290018,3
-15.2883673262969,-9.33788680251614,"HRI-3","Path_1","1",6.91752522434654,6.29114312290018,1.5
-15.363437093313,-9.46825062322518,"HRI-3","Path_1","1",6.91752522434654,6.29114312290018,1.5
-16.1237410739084,-10.2836059463084,"HRI-3","Path_1","1",7.56165442209953,6.29114312290018,1.5
-16.2508283329179,-10.352351641863,"HRI-3","Path_1","1",7.56165442209953,6.29114312290018,1.5
-16.5442702248741,-10.6767743888678,"HRI-3","Path_1","1",7.80552960946062,6.29114312290018,1.5
-16.5415466690907,-10.6230747140853,"HRI-3","Path_1","1",7.80552960946062,6.29114312290018,1.5
-17.0620942566657,-11.2569632100319,"HRI-3","Path_2","1",8.23510827536988,6.29114312290018,1.5
-17.0558443027436,-11.2681106609975,"HRI-3","Path_3","1",8.23510827536988,6.29114312290018,1.5
-17.2913591885689,-11.4691266669825,"HRI-3","Path_3","1",8.37482189800298,6.29114312290018,1.5
-17.2174023420377,-11.5436497750647,"HRI-3","Path_3","1",8.37482189800298,6.29114312290018,1.5
-17.7819603162816,-12.1020482420564,"HRI-3","Path_3","1",8.73978060783205,6.29114312290018,1.5
-14.9296776819123,-9.31775589474937,"HRI-4","Path_1","1",6.92329472682879,6.29114312290018,-1.5
-15.0374087072912,-9.24659252433708,"HRI-4","Path_1","1",6.92329472682879,6.29114312290018,-1.5
-15.7259596292759,-10.2352354518694,"HRI-4","Path_1","1",7.56430314666011,6.29114312290018,-1.5
-15.8497278049942,-10.1217450851887,"HRI-4","Path_1","1",7.56430314666011,6.29114312290018,-1.5
-16.024075328619,-10.4371571207963,"HRI-4","Path_1","1",7.80401276512025,6.29114312290018,-1.5
-16.1279553693113,-10.4198750770272,"HRI-4","Path_1","1",7.80401276512025,6.29114312290018,-1.5
-16.6328488267986,-11.0442927937965,"HRI-4","Path_2","1",8.23683233966955,6.29114312290018,-1.5
-16.7046821745524,-11.0689291156778,"HRI-4","Path_3","1",8.23683233966955,6.29114312290018,-1.5
-16.8718147801835,-11.0902901335823,"HRI-4","Path_3","1",8.37383608665586,6.29114312290018,-1.5
-16.826781374678,-11.2198383235682,"HRI-4","Path_3","1",8.37383608665586,6.29114312290018,-1.5
-17.3137691632624,-11.8546199471503,"HRI-4","Path_3","1",8.73871522285162,6.29114312290018,-1.5
-15.2343792206812,-9.18991158259934,"HRI-5","Path_1","1",6.91541593729671,6.29114312290018,0.5
-15.2624707961075,-9.15585882516105,"HRI-5","Path_2","1",6.91541593729671,6.29114312290018,0.5
-16.0426216190205,-10.1283121595116,"HRI-5","Path_2","1",7.56046331691043,6.29114312290018,0.5
-16.1299093851588,-10.2389757345896,"HRI-5","Path_2","1",7.56046331691043,6.29114312290018,0.5
-16.3320300959224,-10.5249474862446,"HRI-5","Path_2","1",7.80786245458298,6.29114312290018,0.5
-16.4379506279998,-10.6487277294054,"HRI-5","Path_2","1",7.80786245458298,6.29114312290018,0.5
-16.8812784744993,-11.0094414577403,"HRI-5","Path_2","1",8.23487405475089,6.29114312290018,0.5
-16.9369145490089,-11.1933226612321,"HRI-5","Path_3","1",8.23487405475089,6.29114312290018,0.5
-17.196285121236,-11.4323260170499,"HRI-5","Path_3","1",8.37594499244122,6.29114312290018,0.5
-17.1837478958154,-11.2741207543868,"HRI-5","Path_3","1",8.37594499244122,6.29114312290018,0.5
-17.5792187625027,-11.9127391290057,"HRI-5","Path_3","1",8.73987905938526,6.29114312290018,0.5
-15.0272008744778,-9.16077417409828,"HRI-6","Path_1","1",6.92698164597936,6.29114312290018,-0.5
-15.0033266724821,-9.33932724675352,"HRI-6","Path_1","1",6.92698164597936,6.29114312290018,-0.5
-15.8479832136035,-10.2429152893055,"HRI-6","Path_2","1",7.56665572823396,6.29114312290018,-0.5
-15.8327701255077,-10.2302800395518,"HRI-6","Path_2","1",7.56665572823396,6.29114312290018,-0.5
-16.1855960173443,-10.5369451358171,"HRI-6","Path_2","1",7.80088401153507,6.29114312290018,-0.5
-16.1547616461002,-10.5631424192254,"HRI-6","Path_2","1",7.80088401153507,6.29114312290018,-0.5
-16.7592114730896,-11.1452320838347,"HRI-6","Path_2","1",8.2374249041614,6.29114312290018,-0.5
-16.9333101235022,-11.3874665361347,"HRI-6","Path_2","1",8.37228720513877,6.29114312290018,-0.5
-16.8424270305292,-11.3672180880058,"HRI-6","Path_3","1",8.37228720513877,6.29114312290018,-0.5
-17.3987227679628,-11.9254344637993,"HRI-6","Path_3","1",8.73841559925108,6.29114312290018,-0.5
-14.5340007266034,-8.96132686392465,"HRI-7","Path_1","1",6.92192656062227,6.29114312290018,-5
-14.510199351401,-8.82140096813226,"HRI-7","Path_2","1",6.92192656062227,6.29114312290018,-5
-15.4230310815024,-9.85764993003302,"HRI-7","Path_2","1",7.56379681181535,6.29114312290018,-5
-15.3826408168294,-9.75808695214321,"HRI-7","Path_2","1",7.56379681181535,6.29114312290018,-5
-15.6667900905505,-10.0504989868382,"HRI-7","Path_2","1",7.80636216970722,6.29114312290018,-5
-15.6872855486771,-10.1728393079324,"HRI-7","Path_2","1",7.80636216970722,6.29114312290018,-5
-16.2457265924231,-10.7630171196917,"HRI-7","Path_2","1",8.23681173495328,6.29114312290018,-5
-16.2971962156668,-10.7441329040558,"HRI-7","Path_3","1",8.23681173495328,6.29114312290018,-5
-16.5245591355536,-10.9993047016938,"HRI-7","Path_3","1",8.37492925380413,6.29114312290018,-5
-16.5220736642398,-10.9360505475072,"HRI-7","Path_3","1",8.37492925380413,6.29114312290018,-5
-16.8975873800523,-11.4697635362363,"HRI-7","Path_3","1",8.73868843122895,6.29114312290018,-5
-15.6043104156582,-9.26381121804133,"HRII-1","Path_1","1",6.69867702422172,4.30932152420325,-6
-15.8443391970586,-9.52343085345038,"HRII-1","Path_1","1",6.9412580708263,4.30932152420325,-6
-16.7176845669674,-10.4318513203002,"HRII-1","Path_1","1",7.57409134241081,4.30932152420325,-6
-16.9753197239897,-10.952852700153,"HRII-1","Path_1","1",7.7976191270819,4.30932152420325,-6
-14.3663861350743,-8.72701296518748,"HRII-2","Path_1","1",6.66051438651808,5.91875943663735,-5
-14.7444190123282,-9.05326424097151,"HRII-2","Path_1","1",6.93576747503696,5.91875943663735,-5
-15.563560736994,-10.0519483832202,"HRII-2","Path_1","1",7.57084348842417,5.91875943663735,-5
-15.8407040848212,-10.2830488003632,"HRII-2","Path_2","1",7.80331270861899,5.91875943663735,-5
-16.6200364984794,-11.130734271738,"HRII-2","Path_2","1",8.37283131169865,5.91875943663735,-5
-14.2573988070465,-8.47534086412225,"HRII-3","Path_1","1",6.93301352612722,6.29114312290018,-10
-13.8551703439915,-7.98323042151243,"HRII-3","Path_1","1",6.63502717199802,6.29114312290018,-10
-15.1610698598522,-9.37237336191317,"HRII-3","Path_1","1",7.56905237332999,6.29114312290018,-10
-15.3723651439978,-9.58905244171486,"HRII-3","Path_1","1",7.8069059950339,6.29114312290018,-10
-16.0875611576818,-10.4673190330465,"HRII-3","Path_2","1",8.24039923477812,6.29114312290018,-10
-16.1873493613807,-10.6487301728835,"HRII-3","Path_2","1",8.37457329021928,6.29114312290018,-10
-14.5171430185317,-8.80173015900317,"HRII-4","Path_1","1",6.71659535325212,6.61189317443992,-0.6
-14.7988894428306,-9.14989446830717,"HRII-4","Path_1","1",6.93993408329632,6.61189317443992,-0.6
-15.9046074651572,-10.3849495087742,"HRII-4","Path_1","1",7.79660876859139,6.61189317443992,-0.6
-14.6874944557029,-8.88426269434657,"HRII-6","Path_1","1",6.68316296644811,6.29114312290018,-1
-15.0996706990919,-9.27329277365652,"HRII-6","Path_1","1",6.94351547240061,6.29114312290018,-1
-15.7516512866425,-10.2216525082389,"HRII-6","Path_2","1",7.57517346640328,6.29114312290018,-1
-16.1110120859656,-10.4228044340183,"HRII-6","Path_2","1",7.79812574470687,6.29114312290018,-1
-16.8409382852883,-11.3689882268633,"HRII-6","Path_2","1",8.37013003512992,6.29114312290018,-1
-16.9209372363436,-10.3501805876082,"HRIII-1","Path_1","1",6.89808164114938,4.50777783997944,2
-16.944202325731,-10.3824366268832,"HRIII-1","Path_1","1",6.90464998483448,4.50777783997944,2
-16.6953504948483,-10.0925536026336,"HRIII-1","Path_1","1",6.6942539410636,4.50777783997944,2
-16.6621182934399,-9.95276704631586,"HRIII-1","Path_1","1",6.6942539410636,4.50777783997944,2
-16.9807704798378,-10.2925530437819,"HRIII-1","Path_2","1",6.90972173542703,4.50777783997944,2
-16.9453802773423,-10.258440607969,"HRIII-1","Path_2","1",6.9136835138654,4.50777783997944,2
-17.022872045681,-10.3527708656389,"HRIII-1","Path_2","1",6.91684035191573,4.50777783997944,2
-16.9544693384702,-10.1701965988873,"HRIII-1","Path_3","1",6.91884590234289,4.50777783997944,2
-16.9393689042234,-10.3029028924128,"HRIII-1","Path_3","1",6.92122269153797,4.50777783997944,2
-16.9303620769236,-10.3305361304806,"HRIII-1","Path_3","1",6.92177599144673,4.50777783997944,2
-16.9659499930874,-10.2961073522066,"HRIII-1","Path_3","1",6.92468013149394,4.50777783997944,2
-16.927134285486,-10.3911166577907,"HRIII-1","Path_4","1",6.92821717847608,4.50777783997944,2
-16.907521927554,-10.3311419159848,"HRIII-1","Path_4","1",6.93191335144231,4.50777783997944,2
-16.9570529097317,-10.3946217339045,"HRIII-1","Path_4","1",6.93308793143257,4.50777783997944,2
-16.9474253287264,-10.3743907887556,"HRIII-1","Path_4","1",6.93385712520102,4.50777783997944,2
-16.9904279115765,-10.3516800048751,"HRIII-1","Path_4","1",6.93770216688769,4.50777783997944,2
-16.9907653468085,-10.28227332656,"HRIII-1","Path_4","1",6.93866619594479,4.50777783997944,2
-16.9836252349973,-10.2901626304535,"HRIII-1","Path_5","1",6.94017653282722,4.50777783997944,2
-17.0499235013799,-10.3944081470698,"HRIII-1","Path_5","1",6.94041665284473,4.50777783997944,2
-16.9855275531114,-10.3128720725405,"HRIII-1","Path_5","1",6.94177568109065,4.50777783997944,2
-16.9376834392276,-10.3619802460678,"HRIII-1","Path_5","1",6.94230777819763,4.50777783997944,2
-16.8304642264481,-10.2214701561087,"HRIII-1","Path_5","1",6.94311422258607,4.50777783997944,2
-17.0873704135882,-10.5092622890548,"HRIII-1","Path_6","1",6.94470317222927,4.50777783997944,2
-17.1601011724093,-10.5208655091789,"HRIII-1","Path_6","1",6.94888902674096,4.50777783997944,2
-17.7878565637181,-11.3271044721185,"HRIII-1","Path_6","1",7.57972853769637,4.50777783997944,2
-18.0782505567998,-11.7127257815745,"HRIII-1","Path_6","1",7.79022323230478,4.50777783997944,2
-15.3846668776635,-9.14336231567763,"HRIII-2","Path_1","1",6.6859869652777,4.50777783997944,-7
-15.3018353686509,-9.03745437068196,"HRIII-2","Path_2","1",6.6859869652777,4.50777783997944,-7
-15.5437674271445,-9.4560834117571,"HRIII-2","Path_2","1",6.90478989775526,4.50777783997944,-7
-15.5398155281029,-9.33308357104499,"HRIII-2","Path_2","1",6.91119025264434,4.50777783997944,-7
-15.5541414524111,-9.32075647966465,"HRIII-2","Path_2","1",6.91249977813631,4.50777783997944,-7
-15.7090637845882,-9.40300917025454,"HRIII-2","Path_3","1",6.9126109054003,4.50777783997944,-7
-15.7542400480448,-9.49915728244224,"HRIII-2","Path_3","1",6.91518290536374,4.50777783997944,-7
-15.7029507825339,-9.45376036901526,"HRIII-2","Path_3","1",6.91594838069091,4.50777783997944,-7
-15.7238686937749,-9.32282077337597,"HRIII-2","Path_3","1",6.91821994549841,4.50777783997944,-7
-15.7160194779782,-9.31585112675226,"HRIII-2","Path_3","1",6.92259801446932,4.50777783997944,-7
-15.651163545112,-9.47976982423797,"HRIII-2","Path_3","1",6.92576773516548,4.50777783997944,-7
-15.7095446053773,-9.45188385625345,"HRIII-2","Path_3","1",6.92639612843895,4.50777783997944,-7
-15.6883880026372,-9.45829945371246,"HRIII-2","Path_4","1",6.92736506758377,4.50777783997944,-7
-15.6650177616079,-9.45808826742949,"HRIII-2","Path_4","1",6.93268437862308,4.50777783997944,-7
-15.6700948477649,-9.55536940605151,"HRIII-2","Path_4","1",6.93352890082398,4.50777783997944,-7
-15.6328481137764,-9.52236107634171,"HRIII-2","Path_4","1",6.93751246669594,4.50777783997944,-7
-15.6860517615589,-9.52856392873209,"HRIII-2","Path_4","1",6.93785036703981,4.50777783997944,-7
-15.6844095543676,-9.47058548937144,"HRIII-2","Path_4","1",6.94038992224837,4.50777783997944,-7
-15.735281809017,-9.47710386585415,"HRIII-2","Path_4","1",6.94048196202399,4.50777783997944,-7
-15.6663227032562,-9.48697128323633,"HRIII-2","Path_4","1",6.94114072255981,4.50777783997944,-7
-15.6478599884012,-9.48257782968371,"HRIII-2","Path_4","1",6.94185109223217,4.50777783997944,-7
-15.7403609564125,-9.58075653959059,"HRIII-2","Path_5","1",6.9420796977244,4.50777783997944,-7
-15.6849464571507,-9.47886074722623,"HRIII-2","Path_5","1",6.94271080160193,4.50777783997944,-7
-15.6556299030281,-9.39926036686168,"HRIII-2","Path_5","1",6.94516595935205,4.50777783997944,-7
-16.5692055882023,-10.5031630344169,"HRIII-2","Path_5","1",7.5795700250933,4.50777783997944,-7
-16.4847848580686,-10.255214281916,"HRIII-2","Path_5","1",7.5795700250933,4.50777783997944,-7
-16.862722576346,-10.6871723857387,"HRIII-2","Path_6","1",7.7910700943598,4.50777783997944,-7
-17.443323583043,-11.303123867437,"HRIII-2","Path_6","1",8.24658412720596,4.50777783997944,-7
-14.0248089133337,-7.44718343642254,"HTA-1","Path_1","1",5.10196911297056,5.34242994116636,4.8
-14.5309257718159,-8.11884041884116,"HTA-1","Path_1","1",5.57573410460912,5.34242994116636,4.8
-15.4375912960189,-9.1114043976732,"HTA-1","Path_1","1",6.24372809179768,5.34242994116636,4.8
-15.4959645286541,-9.00648896170709,"HTA-1","Path_2","1",6.24372809179768,5.34242994116636,4.8
-15.9500859662794,-9.4756536973181,"HTA-1","Path_2","1",6.6335288633799,5.34242994116636,4.8
-16.4495420721238,-10.0043953216728,"HTA-1","Path_2","1",6.91026031871614,5.34242994116636,4.8
-16.572337959697,-10.4083498407789,"HTA-1","Path_2","1",7.1303997487871,5.34242994116636,4.8
-17.048203704527,-10.7260120490251,"HTA-1","Path_2","1",7.40209144787831,5.34242994116636,4.8
-17.5741150960633,-11.3820623096027,"HTA-1","Path_2","1",7.79030299522076,5.34242994116636,4.8
-17.5238650364764,-11.2467934817768,"HTA-1","Path_2","1",7.83670734158903,5.34242994116636,4.8
-17.6114195850305,-11.4587631566224,"HTA-1","Path_3","1",7.86191803687332,5.34242994116636,4.8
-18.1123283085498,-11.8781781170824,"HTA-1","Path_3","1",8.17376889851892,5.34242994116636,4.8
-18.3122394491852,-12.298373978521,"HTA-1","Path_3","1",8.43327523327143,5.34242994116636,4.8
-13.9174677340607,-7.34435167601378,"HTA-2","Path_1","1",5.10196911297056,5.34242994116636,2.6
-14.5807861975198,-7.95160414847189,"HTA-2","Path_2","1",5.57573410460912,5.34242994116636,2.6
-15.4211830064343,-8.97719471618215,"HTA-2","Path_2","1",6.24372809179768,5.34242994116636,2.6
-15.3509747083704,-8.97361162697236,"HTA-2","Path_3","1",6.24372809179768,5.34242994116636,2.6
-15.9059342848238,-9.52220999672934,"HTA-2","Path_3","1",6.6335288633799,5.34242994116636,2.6
-16.2236159955975,-9.96420722741197,"HTA-2","Path_3","1",6.91026031871614,5.34242994116636,2.6
-16.446800090269,-10.1835648615097,"HTA-2","Path_3","1",7.1303997487871,5.34242994116636,2.6
-16.8355161986489,-10.5654619559105,"HTA-2","Path_3","1",7.40209144787831,5.34242994116636,2.6
-17.3873330319783,-11.1815290066722,"HTA-2","Path_3","1",7.79030299522076,5.34242994116636,2.6
-17.414122836665,-11.2188195423064,"HTA-2","Path_3","1",7.83670734158903,5.34242994116636,2.6
-17.4508511496796,-11.2254615514236,"HTA-2","Path_3","1",7.86191803687332,5.34242994116636,2.6
-17.9591769565434,-11.7023150125182,"HTA-2","Path_3","1",8.17376889851892,5.34242994116636,2.6
-13.6989065394604,-7.23453834919558,"HTA-3","Path_1","1",5.11618251392632,5.34242994116636,0.6
-15.1076948337548,-8.80444881027903,"HTA-3","Path_1","1",6.24830518984318,5.34242994116636,0.6
-15.670359588785,-9.4767871811123,"HTA-3","Path_1","1",6.63638619336008,5.34242994116636,0.6
-16.0851636081418,-9.81446170359934,"HTA-3","Path_1","1",6.91260917382901,5.34242994116636,0.6
-16.3831880274705,-10.1384570417679,"HTA-3","Path_1","1",7.13247669895609,5.34242994116636,0.6
-16.7062054703501,-10.5016625536518,"HTA-3","Path_1","1",7.40400301515631,5.34242994116636,0.6
-17.1243438188123,-10.9522419726686,"HTA-3","Path_2","1",7.78992770904494,5.34242994116636,0.6
-17.1394644382244,-10.9926043373299,"HTA-3","Path_3","1",7.83679183642469,5.34242994116636,0.6
-17.2544195547615,-11.1668672594647,"HTA-3","Path_3","1",7.86321233533155,5.34242994116636,0.6
-17.662922962752,-11.4956195492445,"HTA-3","Path_3","1",8.17473868572068,5.34242994116636,0.6
-18.1015072477141,-11.9549547749736,"HTA-3","Path_3","1",8.43400567124848,5.34242994116636,0.6
-13.8389893322925,-7.64483592065347,"HTA-4","Path_1","1",5.5376498380401,5.34242994116636,-0.6
-15.3217386885181,-9.19062926813612,"HTA-4","Path_1","1",6.62107538453042,5.34242994116636,-0.6
-15.6920723195899,-9.53933735282157,"HTA-4","Path_1","1",6.89958416348786,5.34242994116636,-0.6
-15.9570899816326,-9.86517406909856,"HTA-4","Path_1","1",7.12053075228768,5.34242994116636,-0.6
-16.3672462295119,-10.209753249777,"HTA-4","Path_1","1",7.39049017152464,5.34242994116636,-0.6
-16.8475575377246,-10.9364673444704,"HTA-4","Path_2","1",7.79113948823854,5.34242994116636,-0.6
-16.9037451919035,-10.9687500843793,"HTA-4","Path_2","1",7.83755286080087,5.34242994116636,-0.6
-17.0075239561225,-11.1543469010414,"HTA-4","Path_2","1",7.85434964098078,5.34242994116636,-0.6
-17.3521359834995,-11.480557057571,"HTA-4","Path_2","1",8.1682294575972,5.34242994116636,-0.6
-15.0802596674843,-9.05759309571604,"HTA-5","Path_1","1",6.64566910703529,5.34242994116636,-2.2
-15.4329660557551,-9.39506447760333,"HTA-5","Path_1","1",6.92013111552977,5.34242994116636,-2.2
-15.7268913933343,-9.7094559372371,"HTA-5","Path_1","1",7.13901719745428,5.34242994116636,-2.2
-16.0439621115596,-10.1225000441669,"HTA-5","Path_1","1",7.40936032074741,5.34242994116636,-2.2
-16.6020907680355,-10.7684001244388,"HTA-5","Path_1","1",7.78848307227105,5.34242994116636,-2.2
-16.7534995851515,-10.8584647933318,"HTA-5","Path_1","1",7.83739977051613,5.34242994116636,-2.2
-17.0032907719732,-11.388470779911,"HTA-5","Path_1","1",8.17754765600773,5.34242994116636,-2.2
-17.3621453981828,-11.5710043756741,"HTA-5","Path_2","1",8.4360962289876,5.34242994116636,-2.2
-17.6138310812838,-9.88578954935192,"FSS-2","Path_1","2",5.67778468466227,4.46705688385846,1.9
-17.5519695642281,-9.96763968837822,"FSS-2","Path_1","2",5.68924780660215,4.46705688385846,1.9
-17.9175634129387,-10.294518648116,"FSS-2","Path_1","2",5.96277719534981,4.46705688385846,1.9
-17.8698173990375,-10.3570462189213,"FSS-2","Path_1","2",5.97982575942655,4.46705688385846,1.9
-18.1769791446463,-10.665294966972,"FSS-2","Path_1","2",6.19958579679968,4.46705688385846,1.9
-18.2199145840677,-10.641060918677,"FSS-2","Path_2","2",6.20474031836037,4.46705688385846,1.9
-18.3954592923268,-10.8119129789174,"FSS-2","Path_2","2",6.37995238061731,4.46705688385846,1.9
-18.5019401277697,-10.7721488089533,"FSS-2","Path_3","2",6.39235088589572,4.46705688385846,1.9
-18.8955763583579,-11.1814449297094,"FSS-2","Path_3","2",6.67318501204167,4.46705688385846,1.9
-18.96891716934,-11.2903358205278,"FSS-2","Path_3","2",6.78937839377186,4.46705688385846,1.9
-18.9523007466608,-11.3042456315959,"FSS-2","Path_3","2",6.78974762313374,4.46705688385846,1.9
-19.1425999359984,-11.5520857385669,"FSS-2","Path_3","2",6.89621829080699,4.46705688385846,1.9
-19.0647593244763,-11.4423586177995,"FSS-2","Path_3","2",6.89994666017729,4.46705688385846,1.9
-19.1501195491914,-11.5603703925366,"FSS-2","Path_3","2",6.99339525760517,4.46705688385846,1.9
-19.1131824112187,-11.2242085108289,"HRIII-3","Path_1","2",6.84624781878488,4.50777783997944,2
-19.0233618204365,-11.244063296321,"HRIII-3","Path_1","2",6.84773401659197,4.50777783997944,2
-19.0554819283254,-11.1921620936456,"HRIII-3","Path_1","2",6.85670994537275,4.50777783997944,2
-19.100240939682,-11.2209834782217,"HRIII-3","Path_1","2",6.88006829288063,4.50777783997944,2
-18.0530990797719,-10.1183124111423,"HRIII-3","Path_2","2",5.85493375510436,4.50777783997944,2
-19.020489296044,-11.2446155955559,"HRIII-3","Path_2","2",6.84443851190547,4.50777783997944,2
-19.0152429381452,-11.316210381652,"HRIII-3","Path_2","2",6.84459785089465,4.50777783997944,2
-18.9529566031559,-11.1972835169431,"HRIII-3","Path_2","2",6.84480276192886,4.50777783997944,2
-18.979345794666,-11.2678425766899,"HRIII-3","Path_2","2",6.84904795259661,4.50777783997944,2
-19.1063518161495,-11.268742395038,"HRIII-3","Path_3","2",6.85080129728788,4.50777783997944,2
-19.1225160850696,-11.3206370910251,"HRIII-3","Path_3","2",6.86232446095658,4.50777783997944,2
-19.1487155571398,-11.250244151172,"HRIII-3","Path_3","2",6.86503153097352,4.50777783997944,2
-19.0490453689484,-11.2885798645382,"HRIII-3","Path_3","2",6.87077506349229,4.50777783997944,2
-19.0154457183956,-11.2441370714855,"HRIII-3","Path_3","2",6.87552547951712,4.50777783997944,2
-19.0171395457601,-11.3252469048892,"HRIII-3","Path_3","2",6.88667741108091,4.50777783997944,2
-19.1447232956467,-11.3218255604191,"HRIII-3","Path_3","2",6.88966499137365,4.50777783997944,2
-19.095816249862,-11.3742338843314,"HRIII-3","Path_3","2",6.89168338114803,4.50777783997944,2
-19.1004000234782,-11.412401321421,"HRIII-3","Path_3","2",6.89201027992086,4.50777783997944,2
-19.1123721969167,-11.2206088374405,"HRIII-3","Path_4","2",6.90099110276432,4.50777783997944,2
-19.1415995078167,-11.3064033285964,"HRIII-3","Path_4","2",6.90174734914849,4.50777783997944,2
-19.1740373830987,-11.3064118951844,"HRIII-3","Path_4","2",6.91191468747791,4.50777783997944,2
-19.1713072828906,-11.3490282361555,"HRIII-3","Path_4","2",6.92363051343396,4.50777783997944,2
-19.5973887811325,-11.8745938182698,"HRIII-3","Path_5","2",7.3243521007007,4.50777783997944,2
-19.6204308947382,-11.8338203387521,"HRIII-3","Path_6","2",7.3243521007007,4.50777783997944,2
-20.0658227077734,-12.4236908425085,"HRIII-3","Path_6","2",7.82155779043288,4.50777783997944,2
-15.794898205032,-9.11658572696771,"HRIII-4","Path_1","2",6.84624781878488,4.50777783997944,-7
-15.7418096864578,-9.15141777869154,"HRIII-4","Path_1","2",6.84773401659197,4.50777783997944,-7
-15.8747506641265,-8.96095683996227,"HRIII-4","Path_2","2",6.85670994537275,4.50777783997944,-7
-15.8889353017408,-9.1601892085865,"HRIII-4","Path_2","2",6.88006829288063,4.50777783997944,-7
-14.7950115103157,-7.94078394942652,"HRIII-4","Path_2","2",5.87729147016329,4.50777783997944,-7
-14.8234355631634,-7.85392199632759,"HRIII-4","Path_2","2",5.87729147016329,4.50777783997944,-7
-14.8301060564795,-7.9154675662109,"HRIII-4","Path_2","2",5.89521810340734,4.50777783997944,-7
-15.8888176011599,-9.19043861530952,"HRIII-4","Path_2","2",6.84443851190547,4.50777783997944,-7
-15.9219402458269,-9.02883213091941,"HRIII-4","Path_2","2",6.84459785089465,4.50777783997944,-7
-15.8707676554338,-9.08930295337488,"HRIII-4","Path_2","2",6.84480276192886,4.50777783997944,-7
-15.8921791043094,-9.19381333670792,"HRIII-4","Path_3","2",6.84904795259661,4.50777783997944,-7
-15.803850140978,-9.10507688457152,"HRIII-4","Path_3","2",6.85080129728788,4.50777783997944,-7
-15.7982708838712,-9.12493570646085,"HRIII-4","Path_3","2",6.86232446095658,4.50777783997944,-7
-15.829488668591,-8.99875367171768,"HRIII-4","Path_3","2",6.86503153097352,4.50777783997944,-7
-15.8270646452333,-9.08207749266839,"HRIII-4","Path_3","2",6.87077506349229,4.50777783997944,-7
-15.8355402218526,-9.16428711531435,"HRIII-4","Path_4","2",6.87552547951712,4.50777783997944,-7
-15.8629107380157,-9.22325171398696,"HRIII-4","Path_4","2",6.88667741108091,4.50777783997944,-7
-15.8306331095291,-9.20480064009757,"HRIII-4","Path_4","2",6.88966499137365,4.50777783997944,-7
-15.8285713207814,-9.1586156750794,"HRIII-4","Path_4","2",6.89168338114803,4.50777783997944,-7
-15.8769846089617,-9.18409468913317,"HRIII-4","Path_4","2",6.89201027992086,4.50777783997944,-7
-15.891285653428,-9.18184693666451,"HRIII-4","Path_4","2",6.90099110276432,4.50777783997944,-7
-15.891835717047,-9.12136205183301,"HRIII-4","Path_4","2",6.90174734914849,4.50777783997944,-7
-15.9642947636664,-9.19464328887508,"HRIII-4","Path_5","2",6.91191468747791,4.50777783997944,-7
-15.842084779,-9.11096949330504,"HRIII-4","Path_5","2",6.92363051343396,4.50777783997944,-7
-16.3481012082677,-9.72184341611621,"HRIII-4","Path_6","2",7.3243521007007,4.50777783997944,-7
-16.2713155209679,-9.6505182652534,"HRIII-4","Path_6","2",7.3243521007007,4.50777783997944,-7
-16.3146771492921,-9.70846267475026,"HRIII-4","Path_6","2",7.34419374782884,4.50777783997944,-7
-16.9862521854628,-10.3826460413084,"HRIII-4","Path_6","2",7.82155779043288,4.50777783997944,-7
-17.4427176926634,-10.9427066758437,"HRIII-4","Path_6","2",8.27456559652163,4.50777783997944,-7
-17.324985030469,-10.8767351174539,"HRIII-4","Path_7","2",8.32982008285246,4.50777783997944,-7
-17.4314603452936,-10.9499987688742,"HRIII-4","Path_7","2",8.32982008285246,4.50777783997944,-7
-16.3240335527642,-11.183956534263,"HRR-5","Path_1","2",9.48322471702322,10.7207077232258,0.5
-16.6191350634025,-11.4502230247788,"HRR-5","Path_1","2",9.73419587852125,10.7207077232258,0.5
-13.7093356832724,-8.33931848837125,"HRR-5","Path_1","2",7.08966850456337,10.7207077232258,0.5
-14.8203347401696,-9.49386363461086,"HRR-5","Path_2","2",8.10783987753981,10.7207077232258,0.5
-15.3219794535642,-10.2333507672314,"HRR-5","Path_2","2",8.65491982597664,10.7207077232258,0.5
-15.5943717814688,-10.5110770666202,"HRR-5","Path_2","2",8.89327395635107,10.7207077232258,0.5
-15.8114917977779,-10.4727751848897,"HRR-5","Path_3","2",8.89391528094524,10.7207077232258,0.5
-15.7418365265756,-10.4363665625522,"HRR-5","Path_3","2",8.90319572757988,10.7207077232258,0.5
-16.131144052427,-10.9752451032604,"HRR-5","Path_3","2",9.2276365135632,10.7207077232258,0.5
-16.2563812053948,-11.0430748386304,"HRR-5","Path_3","2",9.32892373082691,10.7207077232258,0.5
-16.2336119182259,-11.0102614140741,"HRR-5","Path_3","2",9.34294599790561,10.7207077232258,0.5
-16.2772719377109,-11.1428366104121,"HRR-5","Path_3","2",9.38921903399233,10.7207077232258,0.5
-16.4297391760183,-11.2675003158877,"HRR-5","Path_3","2",9.50179226287818,10.7207077232258,0.5
-16.5958152813184,-11.2800586857335,"HRR-5","Path_3","2",9.65481077154853,10.7207077232258,0.5
-16.5869046380298,-11.4665470900716,"HRR-5","Path_3","2",9.66402074908387,10.7207077232258,0.5
-16.7947022230386,-11.7190127082407,"HRR-5","Path_4","2",9.95535304676207,10.7207077232258,0.5
-14.858737178168,-8.58174805037311,"SAY-1","Path_1","2",6.74012872593543,9.02641753381525,2
-16.0467121017234,-9.93875018890622,"SAY-1","Path_1","2",7.80918425054627,9.02641753381525,2
-16.3615021737194,-10.3003380626358,"SAY-1","Path_1","2",8.1134451397313,9.02641753381525,2
-16.5810226982729,-10.5788122762187,"SAY-1","Path_2","2",8.37010485684448,9.02641753381525,2
-16.6502027211361,-10.5893004809133,"SAY-1","Path_2","2",8.37730395388536,9.02641753381525,2
-14.0454353115329,-8.62116903309666,"SAY-3","Path_1","2",7.58734402533205,11.3238613078501,2
-14.2402559368922,-8.80146717869349,"SAY-3","Path_1","2",7.7246627387782,11.3238613078501,2
-14.4358447377976,-9.2488445208473,"SAY-3","Path_1","2",8.00752318175996,11.3238613078501,2
-14.7505312217977,-9.53535591859148,"SAY-3","Path_2","2",8.28180966825696,11.3238613078501,2
-14.9470285534405,-9.7383250762986,"SAY-3","Path_2","2",8.50085431497124,11.3238613078501,2
-15.1952311051666,-9.93651156677765,"SAY-3","Path_2","2",8.69494012154702,11.3238613078501,2
-17.2137269133877,-12.2506194333773,"SAY-3","Path_2","2",10.5280858144298,11.3238613078501,2
-15.8486961256217,-7.19168660271284,"HTP-1","Path_1","3",6.15944382577607,5.16632764208508,0.27
-16.9834525724067,-7.90992273287566,"HTP-1","Path_1","3",7.22383055474566,5.16632764208508,0.27
-17.1745068278684,-7.97511146030133,"HTP-1","Path_2","3",7.3030571491334,5.16632764208508,0.27
-17.2432814280034,-8.05230812800897,"HTP-1","Path_2","3",7.39044260751551,5.16632764208508,0.27
-17.6099774323851,-8.23614482358693,"HTP-1","Path_2","3",7.75447014766068,5.16632764208508,0.27
-17.9471927671908,-8.46165146265848,"HTP-1","Path_2","3",8.0078786722013,5.16632764208508,0.27
-14.7367526831687,-6.45648649454864,"HTP-2","Path_1","3",5.23831237275774,5.16632764208508,0.27
-17.1068372091303,-7.87501764949314,"HTP-2","Path_1","3",7.22383055474566,5.16632764208508,0.27
-17.203245984065,-7.94888711490104,"HTP-2","Path_1","3",7.3030571491334,5.16632764208508,0.27
-17.4789942612992,-8.16849279599199,"HTP-2","Path_2","3",7.66124770548403,5.16632764208508,0.27
-17.622495265929,-8.19939230838356,"HTP-2","Path_2","3",7.75447014766068,5.16632764208508,0.27
-18.5066687480891,-8.73547653044126,"HTP-2","Path_2","3",8.51378537651184,5.16632764208508,0.27
-17.1141260595737,-7.81526459114951,"HTP-3","Path_1","3",6.32427213781779,5.16632764208508,2.13
-18.3129848017218,-8.34158829124465,"HTP-3","Path_1","3",7.28493620102037,5.16632764208508,2.13
-18.2704200012664,-8.41346584876996,"HTP-3","Path_2","3",7.3086922413525,5.16632764208508,2.13
-18.3286766311013,-8.34791654247103,"HTP-3","Path_2","3",7.37487961100886,5.16632764208508,2.13
-18.6233596255611,-8.68169398625022,"HTP-3","Path_2","3",7.59959201678196,5.16632764208508,2.13
-18.9438673373749,-8.7650540457381,"HTP-3","Path_2","3",7.79230011817205,5.16632764208508,2.13
-18.8458500251666,-8.73967566377858,"HTP-3","Path_2","3",7.80070655719378,5.16632764208508,2.13
-19.0758439345394,-8.85244631023828,"HTP-3","Path_2","3",7.96475456869674,5.16632764208508,2.13
-15.5661766712916,-7.1050293235662,"HTP-4","Path_1","3",5.89148071899035,5.16632764208508,0.27
-15.9895904336798,-7.36831336783821,"HTP-4","Path_1","3",6.32427213781779,5.16632764208508,0.27
-17.1518574802559,-8.05727176991938,"HTP-4","Path_1","3",7.28493620102037,5.16632764208508,0.27
-17.1721502978348,-8.11356238980439,"HTP-4","Path_2","3",7.3086922413525,5.16632764208508,0.27
-17.2639599727406,-8.16950487087467,"HTP-4","Path_2","3",7.37487961100886,5.16632764208508,0.27
-17.4738829357116,-8.2923364272731,"HTP-4","Path_2","3",7.59959201678196,5.16632764208508,0.27
-17.7129024871283,-8.38123723074319,"HTP-4","Path_3","3",7.79230011817205,5.16632764208508,0.27
-17.7920390909204,-8.44981805337908,"HTP-4","Path_3","3",7.80070655719378,5.16632764208508,0.27
-17.8745466959486,-8.501429725973,"HTP-4","Path_3","3",7.96475456869674,5.16632764208508,0.27
-18.3075212753238,-8.74710880280031,"HTP-4","Path_3","3",8.29991651333774,5.16632764208508,0.27
-15.3808617908929,-7.17121277994125,"HTP-5","Path_1","3",6.32427213781779,5.16632764208508,-0.27
-16.5687401983714,-7.89417859155309,"HTP-5","Path_1","3",7.28493620102037,5.16632764208508,-0.27
-16.6109493595937,-7.94894122025292,"HTP-5","Path_1","3",7.3086922413525,5.16632764208508,-0.27
-16.6277351131916,-7.84234521517807,"HTP-5","Path_1","3",7.37487961100886,5.16632764208508,-0.27
-16.8720875660366,-7.97809094393976,"HTP-5","Path_1","3",7.59959201678196,5.16632764208508,-0.27
-17.1661170840042,-8.20525841822306,"HTP-5","Path_1","3",7.79230011817205,5.16632764208508,-0.27
-17.1894752186093,-8.34995185549795,"HTP-5","Path_1","3",7.80070655719378,5.16632764208508,-0.27
-17.4436984146924,-8.43683215851222,"HTP-5","Path_1","3",7.96475456869674,5.16632764208508,-0.27
-17.4789904061648,-8.32384104788558,"HTP-5","Path_2","3",8.06400455763643,5.16632764208508,-0.27
-17.8250617948371,-8.53579407514344,"HTP-5","Path_2","3",8.29991651333774,5.16632764208508,-0.27
-17.873527452207,-8.68117722798492,"HTP-5","Path_3","3",8.43237244548071,5.16632764208508,-0.27
-17.8927044607784,-8.72989398386914,"HTP-5","Path_3","3",8.515205989674,5.16632764208508,-0.27
-18.0415415960797,-8.70263606541239,"HTP-5","Path_3","3",8.52652415510874,5.16632764208508,-0.27
-14.0130354832852,-6.6957165377173,"HTP-6","Path_1","3",6.32427213781779,5.16632764208508,-2.14
-15.1950009017517,-7.32043650895337,"HTP-6","Path_1","3",7.28493620102037,5.16632764208508,-2.14
-15.1502703397938,-7.38019376050288,"HTP-6","Path_1","3",7.3086922413525,5.16632764208508,-2.14
-15.1615331111452,-7.57995256790949,"HTP-6","Path_2","3",7.37487961100886,5.16632764208508,-2.14
-15.4334106958241,-7.68639983271205,"HTP-6","Path_2","3",7.59959201678196,5.16632764208508,-2.14
-15.6181597034809,-7.8727762995322,"HTP-6","Path_2","3",7.79230011817205,5.16632764208508,-2.14
-15.5015609687842,-7.7893273995473,"HTP-6","Path_3","3",7.80070655719378,5.16632764208508,-2.14
-15.8561121993397,-8.01517665819647,"HTP-6","Path_3","3",7.96475456869674,5.16632764208508,-2.14
-15.9375264123727,-7.88938752887979,"HTP-6","Path_3","3",8.06400455763643,5.16632764208508,-2.14
-16.2121394792338,-8.20585904756853,"HTP-6","Path_3","3",8.29991651333774,5.16632764208508,-2.14
-16.4272798192476,-8.29763850899973,"HTP-6","Path_3","3",8.515205989674,5.16632764208508,-2.14
-16.472694689809,-8.3013948732377,"HTP-6","Path_3","3",8.52652415510874,5.16632764208508,-2.14
-16.300524516827,-8.30690204067701,"HTP-7","Path_1","3",8.52239495552048,5.16632764208508,-2.14
-15.0101252329781,-7.39841748829131,"HTP-7","Path_1","3",7.27611329000244,5.16632764208508,-2.14
-14.9289420554028,-7.3953902501801,"HTP-7","Path_1","3",7.29834510717389,5.16632764208508,-2.14
-15.1257534904911,-7.38570621634949,"HTP-7","Path_2","3",7.39276284184811,5.16632764208508,-2.14
-15.3233073463353,-7.59808915761286,"HTP-7","Path_2","3",7.59132605783689,5.16632764208508,-2.14
-15.563363500347,-7.79264346998358,"HTP-7","Path_2","3",7.78727216222088,5.16632764208508,-2.14
-15.6085405625458,-7.87296072164477,"HTP-7","Path_3","3",7.79407423078429,5.16632764208508,-2.14
-15.6658735469082,-7.85437717611767,"HTP-7","Path_3","3",7.95874116942334,5.16632764208508,-2.14
-15.8791615036157,-7.95020506578935,"HTP-7","Path_3","3",8.05301087516139,5.16632764208508,-2.14
-16.0713558319047,-8.04414085226629,"HTP-7","Path_3","3",8.29499788163465,5.16632764208508,-2.14
-16.2873282689413,-8.1656285537834,"HTP-7","Path_3","3",8.42543682017526,5.16632764208508,-2.14
-16.4586407954906,-8.25396626673834,"HTP-7","Path_3","3",8.51131806506816,5.16632764208508,-2.14
-15.5986188118688,-7.74019668984293,"HTP-8","Path_1","3",8.52239495552048,5.16632764208508,-8.57
-14.2416086632424,-6.82526258809513,"HTP-8","Path_1","3",7.27611329000244,5.16632764208508,-8.57
-14.1734789119033,-6.75003715894697,"HTP-8","Path_1","3",7.29834510717389,5.16632764208508,-8.57
-14.2658698257723,-6.84220130055431,"HTP-8","Path_2","3",7.39276284184811,5.16632764208508,-8.57
-14.4960178090012,-6.9773796748142,"HTP-8","Path_2","3",7.59132605783689,5.16632764208508,-8.57
-14.7963904338552,-7.2533857967066,"HTP-8","Path_2","3",7.78727216222088,5.16632764208508,-8.57
-14.74599016384,-7.20277025367942,"HTP-8","Path_2","3",7.79407423078429,5.16632764208508,-8.57
-14.8567916614741,-7.2908728901902,"HTP-8","Path_2","3",7.95874116942334,5.16632764208508,-8.57
-15.029442879947,-7.34750166245213,"HTP-8","Path_2","3",8.05301087516139,5.16632764208508,-8.57
-15.3770127210348,-7.60276864034749,"HTP-8","Path_3","3",8.29499788163465,5.16632764208508,-8.57
-15.5744670045057,-7.75462760299713,"HTP-8","Path_3","3",8.42543682017526,5.16632764208508,-8.57
-15.5923384326253,-7.6946803554688,"HTP-8","Path_3","3",8.51131806506816,5.16632764208508,-8.57
-15.1363143366155,-7.43032090456598,"HTP-9","Path_1","3",7.9230282930132,5.16632764208508,-4.61
-15.2371048818146,-7.40245178217628,"HTP-9","Path_1","3",7.96509012841005,5.16632764208508,-4.61
-15.1819780176447,-7.46240130397915,"HTP-9","Path_1","3",7.97397702083054,5.16632764208508,-4.61
-15.2607699765579,-7.52494677897887,"HTP-9","Path_1","3",8.00386688949994,5.16632764208508,-4.61
-15.3374115564574,-7.57969267754168,"HTP-9","Path_1","3",8.00985190896117,5.16632764208508,-4.61
-15.3212211647455,-7.50449245094963,"HTP-9","Path_1","3",8.05974550775808,5.16632764208508,-4.61
-15.3686134692727,-7.60544773433719,"HTP-9","Path_1","3",8.08428560523059,5.16632764208508,-4.61
-15.3763433035187,-7.61289059169925,"HTP-9","Path_1","3",8.14140622289301,5.16632764208508,-4.61
-15.4175188674014,-7.63185766405042,"HTP-9","Path_2","3",8.14674791680902,5.16632764208508,-4.61
-15.4829124783909,-7.72717547552178,"HTP-9","Path_2","3",8.17851784419637,5.16632764208508,-4.61
-15.5434194772625,-7.59575499810477,"HTP-9","Path_2","3",8.17895150599205,5.16632764208508,-4.61
-15.6445522414278,-7.72032698241996,"HTP-9","Path_3","3",8.30403074310197,5.16632764208508,-4.61
-15.7946231180533,-7.931749998615,"HTP-9","Path_3","3",8.40284845684038,5.16632764208508,-4.61
-15.7765456464398,-7.8181802159929,"HTP-9","Path_3","3",8.47458743962409,5.16632764208508,-4.61
